Datetime,Close,EMA_12,EMA_26,MACD,MACD_Signal,Hist
2021-11-11 09:30:00-05:00,1077.2950439453125,,,,,
2021-11-11 09:45:00-05:00,1067.4000244140625,,,,,
2021-11-11 10:00:00-05:00,1070.3599853515625,,,,,
2021-11-11 10:15:00-05:00,1070.7298583984375,,,,,
2021-11-11 10:30:00-05:00,1077.02001953125,,,,,
2021-11-11 10:45:00-05:00,1074.469970703125,,,,,
2021-11-11 11:00:00-05:00,1074.469970703125,,,,,
2021-11-11 11:15:00-05:00,1072.1400146484375,,,,,
2021-11-11 11:30:00-05:00,1069.1300048828125,,,,,
2021-11-11 11:45:00-05:00,1072.4906005859375,,,,,
2021-11-11 12:00:00-05:00,1069.574951171875,,,,,
2021-11-11 12:15:00-05:00,1065.059326171875,,,,,
2021-11-11 12:30:00-05:00,1070.199951171875,,,,,
2021-11-11 12:45:00-05:00,1068.0400390625,,,,,
2021-11-11 13:00:00-05:00,1065.4000244140625,,,,,
2021-11-11 13:15:00-05:00,1060.422607421875,,,,,
2021-11-11 13:30:00-05:00,1057.9849853515625,,,,,
2021-11-11 13:45:00-05:00,1060.050048828125,,,,,
2021-11-11 14:00:00-05:00,1065.5999755859375,,,,,
2021-11-11 14:15:00-05:00,1067.2049560546875,,,,,
2021-11-11 14:30:00-05:00,1068.619873046875,,,,,
2021-11-11 14:45:00-05:00,1065.6500244140625,,,,,
2021-11-11 15:00:00-05:00,1062.47998046875,,,,,
2021-11-11 15:15:00-05:00,1064.5804443359375,,,,,
2021-11-11 15:30:00-05:00,1061.6400146484375,,,,,
2021-11-11 15:45:00-05:00,1063.510009765625,,,,,
2021-11-12 09:30:00-05:00,1034.72998046875,,,,,
2021-11-12 09:45:00-05:00,1038.3399658203125,,,,,
2021-11-12 10:00:00-05:00,1043.6700439453125,,,,,
2021-11-12 10:15:00-05:00,1046.7950439453125,,,,,
2021-11-12 10:30:00-05:00,1037.824951171875,,,,,
2021-11-12 10:45:00-05:00,1039.5,,,,,
2021-11-12 11:00:00-05:00,1032.2550048828125,,,,,
2021-11-12 11:15:00-05:00,1031.670654296875,,,,,
2021-11-12 11:30:00-05:00,1031.7750244140625,,,,,
2021-11-12 11:45:00-05:00,1025.739990234375,,,,,
2021-11-12 12:00:00-05:00,1023.1300048828124,,,,,
2021-11-12 12:15:00-05:00,1027.1300048828125,,,,,
2021-11-12 12:30:00-05:00,1028.8900146484375,,,,,
2021-11-12 12:45:00-05:00,1030.62744140625,,,,,
2021-11-12 13:00:00-05:00,1022.1500244140624,,,,,
2021-11-12 13:15:00-05:00,1025.5699462890625,,,,,
2021-11-12 13:30:00-05:00,1024.5899658203125,,,,,
2021-11-12 13:45:00-05:00,1024.7149658203125,,,,,
2021-11-12 14:00:00-05:00,1029.3287353515625,,,,,
2021-11-12 14:15:00-05:00,1025.135009765625,,,,,
2021-11-12 14:30:00-05:00,1025.8599853515625,,,,,
2021-11-12 14:45:00-05:00,1023.0100708007812,,,,,
2021-11-12 15:00:00-05:00,1024.4158935546875,,,,,
2021-11-12 15:15:00-05:00,1028.1199951171875,,,,,
2021-11-12 15:30:00-05:00,1029.8800048828125,,,,,
2021-11-12 15:45:00-05:00,1033.5,,,,,
2021-11-15 09:30:00-05:00,998.0955200195312,,,,,
2021-11-15 09:45:00-05:00,1002.5449829101562,,,,,
2021-11-15 10:00:00-05:00,990.6099853515624,,,,,
2021-11-15 10:15:00-05:00,983.02001953125,,,,,
2021-11-15 10:30:00-05:00,992.2999877929688,,,,,
2021-11-15 10:45:00-05:00,990.9650268554688,,,,,
2021-11-15 11:00:00-05:00,988.9650268554688,,,,,
2021-11-15 11:15:00-05:00,989.6099853515624,,,,,
2021-11-15 11:30:00-05:00,986.4998779296876,,,,,
2021-11-15 11:45:00-05:00,987.590087890625,,,,,
2021-11-15 12:00:00-05:00,990.6273193359376,,,,,
2021-11-15 12:15:00-05:00,988.64501953125,,,,,
2021-11-15 12:30:00-05:00,992.107177734375,,,,,
2021-11-15 12:45:00-05:00,990.1057739257812,,,,,
2021-11-15 13:00:00-05:00,991.2899780273438,,,,,
2021-11-15 13:15:00-05:00,988.833984375,,,,,
2021-11-15 13:30:00-05:00,985.489990234375,,,,,
2021-11-15 13:45:00-05:00,984.9970092773438,,,,,
2021-11-15 14:00:00-05:00,985.530029296875,,,,,
2021-11-15 14:15:00-05:00,985.40478515625,,,,,
2021-11-15 14:30:00-05:00,995.6849975585938,,,,,
2021-11-15 14:45:00-05:00,1017.3800048828124,,,,,
2021-11-15 15:00:00-05:00,1019.9600219726562,,,,,
2021-11-15 15:15:00-05:00,1018.0900268554688,,,,,
2021-11-15 15:30:00-05:00,1008.5700073242188,,,,,
2021-11-15 15:45:00-05:00,1013.6900024414062,,,,,
2021-11-16 09:30:00-05:00,1022.8400268554688,,,,,
2021-11-16 09:45:00-05:00,1033.9749755859375,,,,,
2021-11-16 10:00:00-05:00,1052.5,,,,,
2021-11-16 10:15:00-05:00,1046.31005859375,,,,,
2021-11-16 10:30:00-05:00,1050.72998046875,,,,,
2021-11-16 10:45:00-05:00,1042.8299560546875,,,,,
2021-11-16 11:00:00-05:00,1046.22998046875,,,,,
2021-11-16 11:15:00-05:00,1045.2259521484375,,,,,
2021-11-16 11:30:00-05:00,1041.969970703125,,,,,
2021-11-16 11:45:00-05:00,1038.2110595703125,,,,,
2021-11-16 12:00:00-05:00,1042.7100830078125,,,,,
2021-11-16 12:15:00-05:00,1043.5450439453125,,,,,
2021-11-16 12:30:00-05:00,1042.7137451171875,,,,,
2021-11-16 12:45:00-05:00,1041.0594482421875,,,,,
2021-11-16 13:00:00-05:00,1049.900146484375,,,,,
2021-11-16 13:15:00-05:00,1048.0799560546875,,,,,
2021-11-16 13:30:00-05:00,1046.4599609375,,,,,
2021-11-16 13:45:00-05:00,1049.47998046875,,,,,
2021-11-16 14:00:00-05:00,1048.280029296875,,,,,
2021-11-16 14:15:00-05:00,1044.8900146484375,,,,,
2021-11-16 14:30:00-05:00,1046.4420166015625,,,,,
2021-11-16 14:45:00-05:00,1045.6116943359375,,,,,
2021-11-16 15:00:00-05:00,1040.3900146484375,,,,,
2021-11-16 15:15:00-05:00,1043.2530517578125,,,,,
2021-11-16 15:30:00-05:00,1048.7008056640625,,,,,
2021-11-16 15:45:00-05:00,1054.5400390625,,,,,
2021-11-17 09:30:00-05:00,1058.0,,,,,
2021-11-17 09:45:00-05:00,1074.5,,,,,
2021-11-17 10:00:00-05:00,1090.0,,,,,
2021-11-17 10:15:00-05:00,1092.6624755859375,,,,,
2021-11-17 10:30:00-05:00,1101.9300537109375,,,,,
2021-11-17 10:45:00-05:00,1110.1700439453125,,,,,
2021-11-17 11:00:00-05:00,1098.364990234375,,,,,
2021-11-17 11:15:00-05:00,1099.3299560546875,,,,,
2021-11-17 11:30:00-05:00,1099.7198486328125,,,,,
2021-11-17 11:45:00-05:00,1095.5400390625,,,,,
2021-11-17 12:00:00-05:00,1090.2799072265625,,,,,
2021-11-17 12:15:00-05:00,1086.0,,,,,
2021-11-17 12:30:00-05:00,1079.5,,,,,
2021-11-17 12:45:00-05:00,1081.6099853515625,,,,,
2021-11-17 13:00:00-05:00,1077.350830078125,,,,,
2021-11-17 13:15:00-05:00,1086.7197265625,,,,,
2021-11-17 13:30:00-05:00,1088.4100341796875,,,,,
2021-11-17 13:45:00-05:00,1098.449951171875,,,,,
2021-11-17 14:00:00-05:00,1093.4998779296875,,,,,
2021-11-17 14:15:00-05:00,1098.469970703125,,,,,
2021-11-17 14:30:00-05:00,1097.4649658203125,,,,,
2021-11-17 14:45:00-05:00,1101.3924560546875,,,,,
2021-11-17 15:00:00-05:00,1087.3701171875,,,,,
2021-11-17 15:15:00-05:00,1088.260009765625,,,,,
2021-11-17 15:30:00-05:00,1095.0899658203125,,,,,
2021-11-17 15:45:00-05:00,1089.4000244140625,,,,,
2021-11-18 09:30:00-05:00,1107.0,,,,,
2021-11-18 09:45:00-05:00,1100.155029296875,,,,,
2021-11-18 10:00:00-05:00,1089.93994140625,,,,,
2021-11-18 10:15:00-05:00,1093.300048828125,,,,,
2021-11-18 10:30:00-05:00,1098.2149658203125,,,,,
2021-11-18 10:45:00-05:00,1102.9072265625,,,,,
2021-11-18 11:00:00-05:00,1098.9735107421875,,,,,
2021-11-18 11:15:00-05:00,1098.43994140625,,,,,
2021-11-18 11:30:00-05:00,1104.6446533203125,,,,,
2021-11-18 11:45:00-05:00,1103.2601318359375,,,,,
2021-11-18 12:00:00-05:00,1101.8798828125,,,,,
2021-11-18 12:15:00-05:00,1094.5400390625,,,,,
2021-11-18 12:30:00-05:00,1089.3199462890625,,,,,
2021-11-18 12:45:00-05:00,1085.4749755859375,,,,,
2021-11-18 13:00:00-05:00,1089.25,,,,,
2021-11-18 13:15:00-05:00,1083.6910400390625,,,,,
2021-11-18 13:30:00-05:00,1082.57568359375,,,,,
2021-11-18 13:45:00-05:00,1077.175048828125,,,,,
2021-11-18 14:00:00-05:00,1081.0,,,,,
2021-11-18 14:15:00-05:00,1081.0,,,,,
2021-11-18 14:30:00-05:00,1087.6600341796875,,,,,
2021-11-18 14:45:00-05:00,1086.469970703125,,,,,
2021-11-18 15:00:00-05:00,1090.9449462890625,,,,,
2021-11-18 15:15:00-05:00,1097.130126953125,,,,,
2021-11-18 15:30:00-05:00,1091.9599609375,,,,,
2021-11-18 15:45:00-05:00,1096.3699951171875,,,,,
2021-11-19 09:30:00-05:00,1106.675048828125,,,,,
2021-11-19 09:45:00-05:00,1106.3316650390625,,,,,
2021-11-19 10:00:00-05:00,1101.1300048828125,,,,,
2021-11-19 10:15:00-05:00,1098.719970703125,,,,,
2021-11-19 10:30:00-05:00,1103.2149658203125,,,,,
2021-11-19 10:45:00-05:00,1105.4898681640625,,,,,
2021-11-19 11:00:00-05:00,1106.81005859375,,,,,
2021-11-19 11:15:00-05:00,1106.0699462890625,,,,,
2021-11-19 11:30:00-05:00,1104.56396484375,,,,,
2021-11-19 11:45:00-05:00,1102.110107421875,,,,,
2021-11-19 12:00:00-05:00,1101.9949951171875,,,,,
2021-11-19 12:15:00-05:00,1106.175048828125,,,,,
2021-11-19 12:30:00-05:00,1107.56005859375,,,,,
2021-11-19 12:45:00-05:00,1107.25830078125,,,,,
2021-11-19 13:00:00-05:00,1114.800048828125,,,,,
2021-11-19 13:15:00-05:00,1114.1700439453125,,,,,
2021-11-19 13:30:00-05:00,1117.25,,,,,
2021-11-19 13:45:00-05:00,1119.1700439453125,,,,,
2021-11-19 14:00:00-05:00,1119.9449462890625,,,,,
2021-11-19 14:15:00-05:00,1123.699951171875,,,,,
2021-11-19 14:30:00-05:00,1128.3699951171875,,,,,
2021-11-19 14:45:00-05:00,1133.5,,,,,
2021-11-19 15:00:00-05:00,1136.2803955078125,,,,,
2021-11-19 15:15:00-05:00,1137.75,,,,,
2021-11-19 15:30:00-05:00,1132.85009765625,,,,,
2021-11-19 15:45:00-05:00,1137.1199951171875,,,,,
2021-11-22 09:30:00-05:00,1181.020263671875,,,,,
2021-11-22 09:45:00-05:00,1185.6600341796875,,,,,
2021-11-22 10:00:00-05:00,1189.75,,,,,
2021-11-22 10:15:00-05:00,1187.5999755859375,,,,,
2021-11-22 10:30:00-05:00,1197.199951171875,,,,,
2021-11-22 10:45:00-05:00,1192.689697265625,,,,,
2021-11-22 11:00:00-05:00,1194.0,,,,,
2021-11-22 11:15:00-05:00,1183.949951171875,,,,,
2021-11-22 11:30:00-05:00,1178.8399658203125,,,,,
2021-11-22 11:45:00-05:00,1151.3399658203125,,,,,
2021-11-22 12:00:00-05:00,1152.780029296875,,,,,
2021-11-22 12:15:00-05:00,1169.8116455078125,,,,,
2021-11-22 12:30:00-05:00,1177.5899658203125,,,,,
2021-11-22 12:45:00-05:00,1175.7996826171875,,,,,
2021-11-22 13:00:00-05:00,1176.9765625,,,,,
2021-11-22 13:15:00-05:00,1183.489990234375,,,,,
2021-11-22 13:30:00-05:00,1179.02001953125,,,,,
2021-11-22 13:45:00-05:00,1168.1204833984375,,,,,
2021-11-22 14:00:00-05:00,1174.3900146484375,,,,,
2021-11-22 14:15:00-05:00,1172.030029296875,,,,,
2021-11-22 14:30:00-05:00,1173.0400390625,,,,,
2021-11-22 14:45:00-05:00,1183.1099853515625,,,,,
2021-11-22 15:00:00-05:00,1183.14501953125,,,,,
2021-11-22 15:15:00-05:00,1177.0,,,,,
2021-11-22 15:30:00-05:00,1169.7142333984375,,,,,
2021-11-22 15:45:00-05:00,1156.050048828125,,,,,
2021-11-23 09:30:00-05:00,1169.9503173828125,,,,,
2021-11-23 09:45:00-05:00,1165.9306640625,,,,,
2021-11-23 10:00:00-05:00,1154.050048828125,,,,,
2021-11-23 10:15:00-05:00,1145.696044921875,,,,,
2021-11-23 10:30:00-05:00,1142.0,,,,,
2021-11-23 10:45:00-05:00,1113.77001953125,,,,,
2021-11-23 11:00:00-05:00,1127.438720703125,,,,,
2021-11-23 11:15:00-05:00,1125.4100341796875,,,,,
2021-11-23 11:30:00-05:00,1127.719970703125,,,,,
2021-11-23 11:45:00-05:00,1123.8599853515625,,,,,
2021-11-23 12:00:00-05:00,1121.5,,,,,
2021-11-23 12:15:00-05:00,1116.1600341796875,,,,,
2021-11-23 12:30:00-05:00,1113.451416015625,,,,,
2021-11-23 12:45:00-05:00,1106.0975341796875,,,,,
2021-11-23 13:00:00-05:00,1096.343017578125,,,,,
2021-11-23 13:15:00-05:00,1079.5882568359375,,,,,
2021-11-23 13:30:00-05:00,1066.6300048828125,,,,,
2021-11-23 13:45:00-05:00,1083.8299560546875,,,,,
2021-11-23 14:00:00-05:00,1080.8499755859375,,,,,
2021-11-23 14:15:00-05:00,1070.4000244140625,,,,,
2021-11-23 14:30:00-05:00,1072.969970703125,,,,,
2021-11-23 14:45:00-05:00,1089.4849853515625,,,,,
2021-11-23 15:00:00-05:00,1099.385498046875,,,,,
2021-11-23 15:15:00-05:00,1091.8800048828125,,,,,
2021-11-23 15:30:00-05:00,1110.4371337890625,,,,,
2021-11-23 15:45:00-05:00,1108.81005859375,,,,,
2021-11-24 09:30:00-05:00,1068.050048828125,,,,,
2021-11-24 09:45:00-05:00,1102.820068359375,,,,,
2021-11-24 10:00:00-05:00,1105.0450439453125,,,,,
2021-11-24 10:15:00-05:00,1111.68994140625,,,,,
2021-11-24 10:30:00-05:00,1112.3138427734375,,,,,
2021-11-24 10:45:00-05:00,1110.4825439453125,,,,,
2021-11-24 11:00:00-05:00,1111.0999755859375,,,,,
2021-11-24 11:15:00-05:00,1123.0799560546875,,,,,
2021-11-24 11:30:00-05:00,1119.97998046875,,,,,
2021-11-24 11:45:00-05:00,1116.4200439453125,,,,,
2021-11-24 12:00:00-05:00,1117.8599853515625,,,,,
2021-11-24 12:15:00-05:00,1112.3099365234375,,,,,
2021-11-24 12:30:00-05:00,1117.6788330078125,,,,,
2021-11-24 12:45:00-05:00,1120.1500244140625,,,,,
2021-11-24 13:00:00-05:00,1120.2650146484375,,,,,
2021-11-24 13:15:00-05:00,1124.17431640625,,,,,
2021-11-24 13:30:00-05:00,1125.2000732421875,,,,,
2021-11-24 13:45:00-05:00,1124.5001220703125,,,,,
2021-11-24 14:00:00-05:00,1114.5484619140625,,,,,
2021-11-24 14:15:00-05:00,1120.0587158203125,,,,,
2021-11-24 14:30:00-05:00,1128.3907470703125,,,,,
2021-11-24 14:45:00-05:00,1126.570068359375,,,,,
2021-11-24 15:00:00-05:00,1128.0799560546875,,,,,
2021-11-24 15:15:00-05:00,1127.7149658203125,,,,,
2021-11-24 15:30:00-05:00,1120.050048828125,,,,,
2021-11-24 15:45:00-05:00,1115.8499755859375,,,,,
2021-11-26 09:30:00-05:00,1085.300048828125,,,,,
2021-11-26 09:45:00-05:00,1093.6500244140625,,,,,
2021-11-26 10:00:00-05:00,1091.6600341796875,,,,,
2021-11-26 10:15:00-05:00,1102.449951171875,,,,,
2021-11-26 10:30:00-05:00,1101.510009765625,,,,,
2021-11-26 10:45:00-05:00,1100.1583251953125,,,,,
2021-11-26 11:00:00-05:00,1091.81005859375,,,,,
2021-11-26 11:15:00-05:00,1093.175048828125,,,,,
2021-11-26 11:30:00-05:00,1092.5,,,,,
2021-11-26 11:45:00-05:00,1093.9000244140625,,,,,
2021-11-26 12:00:00-05:00,1095.6099853515625,,,,,
2021-11-26 12:15:00-05:00,1091.7750244140625,,,,,
2021-11-26 12:30:00-05:00,1085.5,,,,,
2021-11-26 12:45:00-05:00,1081.7900390625,,,,,
2021-11-26 13:00:00-05:00,1083.3800048828125,,,,,
2021-11-29 09:30:00-05:00,1123.1099853515625,,,,,
2021-11-29 09:45:00-05:00,1137.614990234375,,,,,
2021-11-29 10:00:00-05:00,1127.760009765625,,,,,
2021-11-29 10:15:00-05:00,1124.2550048828125,,,,,
2021-11-29 10:30:00-05:00,1126.5,,,,,
2021-11-29 10:45:00-05:00,1133.0799560546875,,,,,
2021-11-29 11:00:00-05:00,1134.530029296875,,,,,
2021-11-29 11:15:00-05:00,1133.4000244140625,,,,,
2021-11-29 11:30:00-05:00,1133.3699951171875,,,,,
2021-11-29 11:45:00-05:00,1134.8050537109375,,,,,
2021-11-29 12:00:00-05:00,1132.61962890625,,,,,
2021-11-29 12:15:00-05:00,1132.4649658203125,,,,,
2021-11-29 12:30:00-05:00,1140.010009765625,,,,,
2021-11-29 12:45:00-05:00,1140.6500244140625,,,,,
2021-11-29 13:00:00-05:00,1137.8800048828125,,,,,
2021-11-29 13:15:00-05:00,1131.739990234375,,,,,
2021-11-29 13:30:00-05:00,1123.8349609375,,,,,
2021-11-29 13:45:00-05:00,1128.7650146484375,,,,,
2021-11-29 14:00:00-05:00,1126.0,,,,,
2021-11-29 14:15:00-05:00,1125.89501953125,,,,,
2021-11-29 14:30:00-05:00,1132.47998046875,,,,,
2021-11-29 14:45:00-05:00,1128.659912109375,,,,,
2021-11-29 15:00:00-05:00,1132.6292724609375,,,,,
2021-11-29 15:15:00-05:00,1133.6497802734375,,,,,
2021-11-29 15:30:00-05:00,1132.5350341796875,,,,,
2021-11-29 15:45:00-05:00,1136.97998046875,,,,,
2021-11-30 09:30:00-05:00,1159.5799560546875,,,,,
2021-11-30 09:45:00-05:00,1165.8519287109375,,,,,
2021-11-30 10:00:00-05:00,1164.2000732421875,,,,,
2021-11-30 10:15:00-05:00,1162.8699951171875,,,,,
2021-11-30 10:30:00-05:00,1158.5372314453125,,,,,
2021-11-30 10:45:00-05:00,1133.75,,,,,
2021-11-30 11:00:00-05:00,1140.3199462890625,,,,,
2021-11-30 11:15:00-05:00,1131.199951171875,,,,,
2021-11-30 11:30:00-05:00,1124.58984375,,,,,
2021-11-30 11:45:00-05:00,1124.97998046875,,,,,
2021-11-30 12:00:00-05:00,1121.550048828125,1090.59,,,,
2021-11-30 12:15:00-05:00,1131.31494140625,1095.3531,,,,
2021-11-30 12:30:00-05:00,1138.1341552734375,1100.8857,,,,
2021-11-30 12:45:00-05:00,1131.740234375,1106.6162,,,,
2021-11-30 13:00:00-05:00,1128.4100341796875,1110.4814,,,,
2021-11-30 13:15:00-05:00,1126.4952392578125,1113.2397,,,,
2021-11-30 13:30:00-05:00,1132.16015625,1115.279,,,,
2021-11-30 13:45:00-05:00,1140.4998779296875,1117.8761,,,,
2021-11-30 14:00:00-05:00,1137.969970703125,1121.3567,,,,
2021-11-30 14:15:00-05:00,1138.52001953125,1123.9126,,,,
2021-11-30 14:30:00-05:00,1133.06005859375,1126.1599,,,,
2021-11-30 14:45:00-05:00,1138.0,1127.2215,,,,
2021-11-30 15:00:00-05:00,1136.5545654296875,1128.8797,,,,
2021-11-30 15:15:00-05:00,1133.550048828125,1130.0604,,,,
2021-11-30 15:30:00-05:00,1137.510009765625,1130.5973,,,,
2021-11-30 15:45:00-05:00,1144.9200439453125,1131.6608,,,,
2021-12-01 09:30:00-05:00,1159.0712890625,1133.7007,,,,
2021-12-01 09:45:00-05:00,1160.4476318359375,1137.6039,,,,
2021-12-01 10:00:00-05:00,1160.2999267578125,1141.1183,,,,
2021-12-01 10:15:00-05:00,1149.6400146484375,1144.0693,,,,
2021-12-01 10:30:00-05:00,1151.594970703125,1144.9263,,,,
2021-12-01 10:45:00-05:00,1156.5799560546875,1145.9522,,,,
2021-12-01 11:00:00-05:00,1162.6058349609375,1147.5872,,,,
2021-12-01 11:15:00-05:00,1156.780029296875,1149.8978,,,,
2021-12-01 11:30:00-05:00,1155.300048828125,1150.9566,,,,
2021-12-01 11:45:00-05:00,1147.56005859375,1151.6248,,,,
2021-12-01 12:00:00-05:00,1148.0,1150.9995,,,,
2021-12-01 12:15:00-05:00,1149.0,1150.538,,,,
2021-12-01 12:30:00-05:00,1150.0201416015625,1150.3014,,,,
2021-12-01 12:45:00-05:00,1143.6800537109375,1150.2581,,,,
2021-12-01 13:00:00-05:00,1136.927001953125,1149.2461,,,,
2021-12-01 13:15:00-05:00,1142.219970703125,1147.3509,,,,
2021-12-01 13:30:00-05:00,1138.0,1146.5615,,,,
2021-12-01 13:45:00-05:00,1138.3240966796875,1145.2443,,,,
2021-12-01 14:00:00-05:00,1126.06005859375,1144.1797,,,,
2021-12-01 14:15:00-05:00,1130.550048828125,1141.3921,,,,
2021-12-01 14:30:00-05:00,1122.7249755859375,1139.7241,,,,
2021-12-01 14:45:00-05:00,1121.0899658203125,1137.1089,,,,
2021-12-01 15:00:00-05:00,1109.56494140625,1134.6444,,,,
2021-12-01 15:15:00-05:00,1106.0,1130.786,,,,
2021-12-01 15:30:00-05:00,1113.09375,1126.9728,,,,
2021-12-01 15:45:00-05:00,1094.219970703125,1124.8376,,,,
2021-12-02 09:30:00-05:00,1103.5400390625,1120.1272,,,,
2021-12-02 09:45:00-05:00,1087.2618408203125,1117.5753,,,,
2021-12-02 10:00:00-05:00,1077.2999267578125,1112.9117,,,,
2021-12-02 10:15:00-05:00,1077.0400390625,1107.433,,,,
2021-12-02 10:30:00-05:00,1059.4599609375,1102.7572,,,,
2021-12-02 10:45:00-05:00,1084.050048828125,1096.0961,,,,
2021-12-02 11:00:00-05:00,1089.449951171875,1094.2429,,,,
2021-12-02 11:15:00-05:00,1097.5400390625,1093.5055,,,,
2021-12-02 11:30:00-05:00,1085.4949951171875,1094.1262,,,,
2021-12-02 11:45:00-05:00,1089.68994140625,1092.7983,,,,
2021-12-02 12:00:00-05:00,1094.3992919921875,1092.3201,,,,
2021-12-02 12:15:00-05:00,1096.829345703125,1092.64,,,,
2021-12-02 12:30:00-05:00,1090.0799560546875,1093.2845,,,,
2021-12-02 12:45:00-05:00,1087.4549560546875,1092.7915,,,,
2021-12-02 13:00:00-05:00,1083.8121337890625,1091.9705,,,,
2021-12-02 13:15:00-05:00,1075.4000244140625,1090.7154,,,,
2021-12-02 13:30:00-05:00,1074.9849853515625,1088.3592,,,,
2021-12-02 13:45:00-05:00,1083.0001220703125,1086.3016,,,,
2021-12-02 14:00:00-05:00,1077.760009765625,1085.7937,,,,
2021-12-02 14:15:00-05:00,1084.2198486328125,1084.5577,,,,
2021-12-02 14:30:00-05:00,1078.6500244140625,1084.5057,,,,
2021-12-02 14:45:00-05:00,1082.5,1083.6048,,,,
2021-12-02 15:00:00-05:00,1081.010009765625,1083.4348,,,,
2021-12-02 15:15:00-05:00,1078.4000244140625,1083.0618,,,,
2021-12-02 15:30:00-05:00,1083.9300537109375,1082.3446,,,,
2021-12-02 15:45:00-05:00,1084.530029296875,1082.5885,,,,
2021-12-03 09:30:00-05:00,1069.2900390625,1082.8872,,,,
2021-12-03 09:45:00-05:00,1056.462158203125,1080.7953,,,,
2021-12-03 10:00:00-05:00,1047.0799560546875,1077.0517,,,,
2021-12-03 10:15:00-05:00,1049.08984375,1072.4407,,,,
2021-12-03 10:30:00-05:00,1035.0,1068.8483,,,,
2021-12-03 10:45:00-05:00,1038.0,1063.6409,,,,
2021-12-03 11:00:00-05:00,1014.6799926757812,1059.6961,,,,
2021-12-03 11:15:00-05:00,1026.6600341796875,1052.7705,,,,
2021-12-03 11:30:00-05:00,1015.739990234375,1048.7535,,,,
2021-12-03 11:45:00-05:00,1012.2999877929688,1043.6745,,,,
2021-12-03 12:00:00-05:00,1014.9349975585938,1038.8477,,,,
2021-12-03 12:15:00-05:00,1018.3800048828124,1035.1688,,,,
2021-12-03 12:30:00-05:00,1022.7100219726562,1032.5859,,,,
2021-12-03 12:45:00-05:00,1022.0001220703124,1031.0665,,,,
2021-12-03 13:00:00-05:00,1024.8712158203125,1029.6717,,,,
2021-12-03 13:15:00-05:00,1026.510009765625,1028.9332,,,,
2021-12-03 13:30:00-05:00,1023.0750122070312,1028.5604,,,,
2021-12-03 13:45:00-05:00,1018.4500122070312,1027.7165,,,,
2021-12-03 14:00:00-05:00,1020.9500122070312,1026.2909,,,,
2021-12-03 14:15:00-05:00,1022.1950073242188,1025.4692,,,,
2021-12-03 14:30:00-05:00,1015.1995239257812,1024.9655,,,,
2021-12-03 14:45:00-05:00,1009.4450073242188,1023.463,,,,
2021-12-03 15:00:00-05:00,1011.0700073242188,1021.3064,,,,
2021-12-03 15:15:00-05:00,1017.0999755859376,1019.7316,,,,
2021-12-03 15:30:00-05:00,1007.8150024414062,1019.3267,,,,
2021-12-03 15:45:00-05:00,1015.1400146484376,1017.5557,,,,
2021-12-06 09:30:00-05:00,979.7799072265624,1017.1841,,,,
2021-12-06 09:45:00-05:00,974.6387939453124,1011.4296,,,,
2021-12-06 10:00:00-05:00,981.2399291992188,1005.7695,,,,
2021-12-06 10:15:00-05:00,992.3599853515624,1001.9957,,,,
2021-12-06 10:30:00-05:00,977.25,1000.5133,,,,
2021-12-06 10:45:00-05:00,980.5599975585938,996.9343,,,,
2021-12-06 11:00:00-05:00,971.3200073242188,994.4152,,,,
2021-12-06 11:15:00-05:00,978.6201171875,990.8621,,,,
2021-12-06 11:30:00-05:00,984.1900024414062,988.9787,,,,
2021-12-06 11:45:00-05:00,975.7150268554688,988.242,,,,
2021-12-06 12:00:00-05:00,984.315185546875,986.3148,,,,
2021-12-06 12:15:00-05:00,990.9099731445312,986.0072,,,,
2021-12-06 12:30:00-05:00,994.1599731445312,986.7615,,,,
2021-12-06 12:45:00-05:00,1004.0,987.8997,,,,
2021-12-06 13:00:00-05:00,1006.9349975585938,990.3767,,,,
2021-12-06 13:15:00-05:00,1011.5198974609376,992.9241,,,,
2021-12-06 13:30:00-05:00,1005.8432006835938,995.785,,,,
2021-12-06 13:45:00-05:00,1011.97998046875,997.3324,,,,
2021-12-06 14:00:00-05:00,1017.3012084960938,999.5859,,,,
2021-12-06 14:15:00-05:00,1018.7059936523438,1002.3113,,,,
2021-12-06 14:30:00-05:00,1007.0,1004.8336,,,,
2021-12-06 14:45:00-05:00,1007.076171875,1005.1669,,,,
2021-12-06 15:00:00-05:00,1008.8101196289062,1005.4606,,,,
2021-12-06 15:15:00-05:00,1008.2000122070312,1005.9759,,,,
2021-12-06 15:30:00-05:00,1006.5225830078124,1006.3181,,,,
2021-12-06 15:45:00-05:00,1008.3699951171876,1006.3496,,,,
2021-12-07 09:30:00-05:00,1035.1400146484375,1006.6604,,,,
2021-12-07 09:45:00-05:00,1048.0,1011.0419,,,,
2021-12-07 10:00:00-05:00,1052.5404052734375,1016.7278,,,,
2021-12-07 10:15:00-05:00,1046.0869140625,1022.2374,,,,
2021-12-07 10:30:00-05:00,1048.614990234375,1025.9066,,,,
2021-12-07 10:45:00-05:00,1033.6500244140625,1029.4002,,,,
2021-12-07 11:00:00-05:00,1030.8660888671875,1030.054,,,,
2021-12-07 11:15:00-05:00,1033.7181396484375,1030.1789,,,,
2021-12-07 11:30:00-05:00,1038.891357421875,1030.7234,,,,
2021-12-07 11:45:00-05:00,1037.5899658203125,1031.98,,,,
2021-12-07 12:00:00-05:00,1043.4200439453125,1032.8431,,,,
2021-12-07 12:15:00-05:00,1044.989990234375,1034.4703,,,,
2021-12-07 12:30:00-05:00,1042.7900390625,1036.0887,,,,
2021-12-07 12:45:00-05:00,1045.9166259765625,1037.1197,,,,
2021-12-07 13:00:00-05:00,1042.8399658203125,1038.4731,,,,
2021-12-07 13:15:00-05:00,1045.614990234375,1039.1449,,,,
2021-12-07 13:30:00-05:00,1048.152099609375,1040.1403,,,,
2021-12-07 13:45:00-05:00,1053.8623046875,1041.3729,,,,
2021-12-07 14:00:00-05:00,1051.06005859375,1043.2943,,,,
2021-12-07 14:15:00-05:00,1054.030029296875,1044.489,,,,
2021-12-07 14:30:00-05:00,1052.4200439453125,1045.9569,,,,
2021-12-07 14:45:00-05:00,1050.0150146484375,1046.9512,,,,
2021-12-07 15:00:00-05:00,1044.1800537109375,1047.4226,,,,
2021-12-07 15:15:00-05:00,1043.6099853515625,1046.9237,,,,
2021-12-07 15:30:00-05:00,1047.090087890625,1046.4139,,,,
2021-12-07 15:45:00-05:00,1051.719970703125,1046.5179,,,,
2021-12-08 09:30:00-05:00,1042.6971435546875,1047.3182,,,,
2021-12-08 09:45:00-05:00,1040.3499755859375,1046.6073,,,,
2021-12-08 10:00:00-05:00,1041.050048828125,1045.6446,,,,
2021-12-08 10:15:00-05:00,1039.2900390625,1044.9377,,,,
2021-12-08 10:30:00-05:00,1039.8599853515625,1044.0688,,,,
2021-12-08 10:45:00-05:00,1039.4300537109375,1043.4213,,,,
2021-12-08 11:00:00-05:00,1045.3800048828125,1042.8073,,,,
2021-12-08 11:15:00-05:00,1047.22998046875,1043.2031,,,,
2021-12-08 11:30:00-05:00,1046.0699462890625,1043.8226,,,,
2021-12-08 11:45:00-05:00,1047.4000244140625,1044.1683,,,,
2021-12-08 12:00:00-05:00,1049.4100341796875,1044.6655,,,,
2021-12-08 12:15:00-05:00,1047.3699951171875,1045.3954,,,,
2021-12-08 12:30:00-05:00,1055.716796875,1045.6992,,,,
2021-12-08 12:45:00-05:00,1055.1500244140625,1047.2404,,,,
2021-12-08 13:00:00-05:00,1064.25,1048.4573,,,,
2021-12-08 13:15:00-05:00,1066.95849609375,1050.8869,,,,
2021-12-08 13:30:00-05:00,1066.08740234375,1053.3595,,,,
2021-12-08 13:45:00-05:00,1063.5999755859375,1055.3176,,,,
2021-12-08 14:00:00-05:00,1059.15576171875,1056.5918,,,,
2021-12-08 14:15:00-05:00,1060.9576416015625,1056.9863,,,,
2021-12-08 14:30:00-05:00,1065.1650390625,1057.5973,,,,
2021-12-08 14:45:00-05:00,1065.5899658203125,1058.7616,,,,
2021-12-08 15:00:00-05:00,1063.67919921875,1059.8121,,,,
2021-12-08 15:15:00-05:00,1070.52001953125,1060.407,,,,
2021-12-08 15:30:00-05:00,1068.02001953125,1061.9628,,,,
2021-12-08 15:45:00-05:00,1068.0999755859375,1062.8947,,,,
2021-12-09 09:30:00-05:00,1050.6500244140625,1063.6955,,,,
2021-12-09 09:45:00-05:00,1043.800048828125,1061.6885,,,,
2021-12-09 10:00:00-05:00,1043.9150390625,1058.9364,,,,
2021-12-09 10:15:00-05:00,1036.7349853515625,1056.6254,,,,
2021-12-09 10:30:00-05:00,1037.56005859375,1053.5653,,,,
2021-12-09 10:45:00-05:00,1033.003662109375,1051.103,,,,
2021-12-09 11:00:00-05:00,1032.77001953125,1048.3185,,,,
2021-12-09 11:15:00-05:00,1036.3160400390625,1045.9264,,,,
2021-12-09 11:30:00-05:00,1033.1199951171875,1044.4479,,,,
2021-12-09 11:45:00-05:00,1031.8699951171875,1042.7051,,,,
2021-12-09 12:00:00-05:00,1031.6884765625,1041.0382,,,,
2021-12-09 12:15:00-05:00,1030.5999755859375,1039.5998,,,,
2021-12-09 12:30:00-05:00,1032.4000244140625,1038.2152,,,,
2021-12-09 12:45:00-05:00,1032.919921875,1037.3206,,,,
2021-12-09 13:00:00-05:00,1027.02001953125,1036.6436,,,,
2021-12-09 13:15:00-05:00,1022.3599853515624,1035.163,,,,
2021-12-09 13:30:00-05:00,1018.9600219726562,1033.1933,,,,
2021-12-09 13:45:00-05:00,1015.3699951171876,1031.0036,,,,
2021-12-09 14:00:00-05:00,1013.55126953125,1028.5984,,,,
2021-12-09 14:15:00-05:00,1017.5349731445312,1026.2835,,,,
2021-12-09 14:30:00-05:00,1017.0,1024.9376,,,,
2021-12-09 14:45:00-05:00,1012.4451904296876,1023.7164,,,,
2021-12-09 15:00:00-05:00,1010.0,1021.9824,,,,
2021-12-09 15:15:00-05:00,1005.2100219726562,1020.139,,,,
2021-12-09 15:30:00-05:00,1007.6799926757812,1017.8422,,,,
2021-12-09 15:45:00-05:00,1003.4199829101562,1016.2788,,,,
2021-12-10 09:30:00-05:00,991.0723876953124,1014.3005,,,,
2021-12-10 09:45:00-05:00,985.1234741210938,1010.7269,,,,
2021-12-10 10:00:00-05:00,990.3300170898438,1006.7879,,,,
2021-12-10 10:15:00-05:00,999.3297729492188,1004.2559,,,,
2021-12-10 10:30:00-05:00,992.0574951171876,1003.498,,,,
2021-12-10 10:45:00-05:00,992.4400024414062,1001.7379,,,,
2021-12-10 11:00:00-05:00,992.8236083984376,1000.3075,,,,
2021-12-10 11:15:00-05:00,1006.0,999.1561,,,,
2021-12-10 11:30:00-05:00,1012.1500854492188,1000.209,,,,
2021-12-10 11:45:00-05:00,1014.0,1002.0461,,,,
2021-12-10 12:00:00-05:00,1013.2177734375,1003.8852,,,,
2021-12-10 12:15:00-05:00,1012.97998046875,1005.321,,,,
2021-12-10 12:30:00-05:00,1006.2999877929688,1006.4993,,,,
2021-12-10 12:45:00-05:00,1013.989990234375,1006.4686,,,,
2021-12-10 13:00:00-05:00,1016.65771484375,1007.6257,,,,
2021-12-10 13:15:00-05:00,1018.0817260742188,1009.0152,,,,
2021-12-10 13:30:00-05:00,1016.8900146484376,1010.4101,,,,
2021-12-10 13:45:00-05:00,1017.9498901367188,1011.407,,,,
2021-12-10 14:00:00-05:00,1015.8599853515624,1012.4136,,,,
2021-12-10 14:15:00-05:00,1013.760009765625,1012.9438,,,,
2021-12-10 14:30:00-05:00,1013.989990234375,1013.0694,,,,
2021-12-10 14:45:00-05:00,1011.0800170898438,1013.211,,,,
2021-12-10 15:00:00-05:00,1010.8150024414062,1012.8832,,,,
2021-12-10 15:15:00-05:00,1015.6599731445312,1012.565,,,,
2021-12-10 15:30:00-05:00,1018.1149291992188,1013.0411,,,,
2021-12-10 15:45:00-05:00,1016.6900024414062,1013.8217,,,,
2021-12-13 09:30:00-05:00,996.5700073242188,1014.263,,,,
2021-12-13 09:45:00-05:00,978.9600219726562,1011.541,,,,
2021-12-13 10:00:00-05:00,982.0,1006.5285,,,,
2021-12-13 10:15:00-05:00,969.9000244140624,1002.7549,,,,
2021-12-13 10:30:00-05:00,967.6799926757812,997.7003,,,,
2021-12-13 10:45:00-05:00,967.219970703125,993.0818,,,,
2021-12-13 11:00:00-05:00,965.3198852539062,989.1031,,,,
2021-12-13 11:15:00-05:00,960.47998046875,985.4441,,,,
2021-12-13 11:30:00-05:00,959.3699951171876,981.6035,,,,
2021-12-13 11:45:00-05:00,962.219970703125,978.183,,,,
2021-12-13 12:00:00-05:00,965.9149780273438,975.7271,,,,
2021-12-13 12:15:00-05:00,965.9899291992188,974.2175,,,,
2021-12-13 12:30:00-05:00,963.6182250976562,972.9517,,,,
2021-12-13 12:45:00-05:00,960.85498046875,971.5158,,,,
2021-12-13 13:00:00-05:00,961.0139770507812,969.8757,,,,
2021-12-13 13:15:00-05:00,960.1950073242188,968.5124,,,,
2021-12-13 13:30:00-05:00,954.5,967.2328,,,,
2021-12-13 13:45:00-05:00,954.4400024414062,965.2739,,,,
2021-12-13 14:00:00-05:00,954.5700073242188,963.6071,,,,
2021-12-13 14:15:00-05:00,963.880126953125,962.2168,,,,
2021-12-13 14:30:00-05:00,964.5750122070312,962.4727,,,,
2021-12-13 14:45:00-05:00,970.8150024414062,962.7961,,,,
2021-12-13 15:00:00-05:00,971.0599975585938,964.0298,,,,
2021-12-13 15:15:00-05:00,967.6799926757812,965.1114,,,,
2021-12-13 15:30:00-05:00,965.635009765625,965.5066,,,,
2021-12-13 15:45:00-05:00,965.97998046875,965.5264,,,,
2021-12-14 09:30:00-05:00,953.1400146484376,965.5962,,,,
2021-12-14 09:45:00-05:00,953.4000244140624,963.6799,,,,
2021-12-14 10:00:00-05:00,946.9600219726562,962.0984,,,,
2021-12-14 10:15:00-05:00,953.9349975585938,959.7694,,,,
2021-12-14 10:30:00-05:00,954.6400756835938,958.8718,,,,
2021-12-14 10:45:00-05:00,945.0,958.2208,,,,
2021-12-14 11:00:00-05:00,941.530029296875,956.1868,,,,
2021-12-14 11:15:00-05:00,941.3800048828124,953.9319,,,,
2021-12-14 11:30:00-05:00,938.77001953125,952.0008,,,,
2021-12-14 11:45:00-05:00,940.0150146484376,949.9653,,,,
2021-12-14 12:00:00-05:00,941.4089965820312,948.4345,,,,
2021-12-14 12:15:00-05:00,935.6621704101562,947.3537,,,,
2021-12-14 12:30:00-05:00,931.5999755859376,945.555,,,,
2021-12-14 12:45:00-05:00,934.27001953125,943.4081,,,,
2021-12-14 13:00:00-05:00,940.655029296875,942.0022,,,,
2021-12-14 13:15:00-05:00,936.9990234375,941.7949,,,,
2021-12-14 13:30:00-05:00,933.4500122070312,941.0571,,,,
2021-12-14 13:45:00-05:00,933.489990234375,939.8868,,,,
2021-12-14 14:00:00-05:00,940.4199829101562,938.9027,,,,
2021-12-14 14:15:00-05:00,942.4769287109376,939.1361,,,,
2021-12-14 14:30:00-05:00,944.8466796875,939.6501,,,,
2021-12-14 14:45:00-05:00,944.8599243164062,940.4496,,,,
2021-12-14 15:00:00-05:00,960.1500244140624,941.1281,,,,
2021-12-14 15:15:00-05:00,964.6901245117188,944.0545,,,,
2021-12-14 15:30:00-05:00,957.4700927734376,947.2292,,,,
2021-12-14 15:45:00-05:00,958.3699951171876,948.8047,,,,
2021-12-15 09:30:00-05:00,962.0396118164062,950.2763,,,,
2021-12-15 09:45:00-05:00,957.72998046875,952.086,,,,
2021-12-15 10:00:00-05:00,948.739990234375,952.9543,,,,
2021-12-15 10:15:00-05:00,946.969970703125,952.3059,,,,
2021-12-15 10:30:00-05:00,949.9299926757812,951.485,,,,
2021-12-15 10:45:00-05:00,942.9199829101562,951.2458,,,,
2021-12-15 11:00:00-05:00,941.416015625,949.9649,,,,
2021-12-15 11:15:00-05:00,940.908203125,948.6497,,,,
2021-12-15 11:30:00-05:00,933.27001953125,947.4587,,,,
2021-12-15 11:45:00-05:00,932.6900024414062,945.2758,,,,
2021-12-15 12:00:00-05:00,932.7575073242188,943.3395,,,,
2021-12-15 12:15:00-05:00,938.2548828125,941.7115,,,,
2021-12-15 12:30:00-05:00,939.226318359375,941.1797,,,,
2021-12-15 12:45:00-05:00,939.969970703125,940.8792,,,,
2021-12-15 13:00:00-05:00,935.52001953125,940.7393,,,,
2021-12-15 13:15:00-05:00,937.3200073242188,939.9363,,,,
2021-12-15 13:30:00-05:00,937.7150268554688,939.5338,,,,
2021-12-15 13:45:00-05:00,942.4818725585938,939.254,,,,
2021-12-15 14:00:00-05:00,955.8596801757812,939.7506,,,,
2021-12-15 14:15:00-05:00,944.8099975585938,942.2289,,,,
2021-12-15 14:30:00-05:00,941.0,942.626,,,,
2021-12-15 14:45:00-05:00,949.9000244140624,942.3758,,,,
2021-12-15 15:00:00-05:00,964.8499755859376,943.5334,,,,
2021-12-15 15:15:00-05:00,974.760009765625,946.8129,,,,
2021-12-15 15:30:00-05:00,967.32958984375,951.1125,,,,
2021-12-15 15:45:00-05:00,975.9299926757812,953.6074,,,,
2021-12-16 09:30:00-05:00,975.1400146484376,957.0416,,,,
2021-12-16 09:45:00-05:00,959.2828979492188,959.826,,,,
2021-12-16 10:00:00-05:00,963.469970703125,959.7424,,,,
2021-12-16 10:15:00-05:00,963.5,960.3159,,,,
2021-12-16 10:30:00-05:00,947.9099731445312,960.8058,,,,
2021-12-16 10:45:00-05:00,941.6834716796876,958.8218,,,,
2021-12-16 11:00:00-05:00,936.0,956.1851,,,,
2021-12-16 11:15:00-05:00,943.5,953.0797,,,,
2021-12-16 11:30:00-05:00,934.3800048828124,951.6059,,,,
2021-12-16 11:45:00-05:00,932.669921875,948.9558,,,,
2021-12-16 12:00:00-05:00,933.3499755859376,946.4503,,,,
2021-12-16 12:15:00-05:00,938.1699829101562,944.4349,,,,
2021-12-16 12:30:00-05:00,932.6300048828124,943.4711,,,,
2021-12-16 12:45:00-05:00,933.4298706054688,941.8032,,,,
2021-12-16 13:00:00-05:00,938.3800048828124,940.515,,,,
2021-12-16 13:15:00-05:00,942.2100830078124,940.1865,,,,
2021-12-16 13:30:00-05:00,939.1492919921876,940.4978,,,,
2021-12-16 13:45:00-05:00,937.0800170898438,940.2903,,,,
2021-12-16 14:00:00-05:00,933.3256225585938,939.7964,,,,
2021-12-16 14:15:00-05:00,933.2501220703124,938.8009,,,,
2021-12-16 14:30:00-05:00,932.3889770507812,937.9469,,,,
2021-12-16 14:45:00-05:00,930.1500244140624,937.0918,,,,
2021-12-16 15:00:00-05:00,928.6799926757812,936.0238,,,,
2021-12-16 15:15:00-05:00,932.0399780273438,934.894,,,,
2021-12-16 15:30:00-05:00,929.3250122070312,934.4549,,,,
2021-12-16 15:45:00-05:00,926.719970703125,933.6657,,,,
2021-12-17 09:30:00-05:00,922.72998046875,932.5971,,,,
2021-12-17 09:45:00-05:00,939.0,931.0791,,,,
2021-12-17 10:00:00-05:00,924.2999877929688,932.2977,,,,
2021-12-17 10:15:00-05:00,929.10009765625,931.0673,,,,
2021-12-17 10:30:00-05:00,943.8001098632812,930.7647,,,,
2021-12-17 10:45:00-05:00,954.469970703125,932.7701,,,,
2021-12-17 11:00:00-05:00,957.7849731445312,936.1085,,,,
2021-12-17 11:15:00-05:00,953.6400146484376,939.4433,,,,
2021-12-17 11:30:00-05:00,945.9099731445312,941.6274,,,,
2021-12-17 11:45:00-05:00,946.6500854492188,942.2863,,,,
2021-12-17 12:00:00-05:00,949.1600952148438,942.9577,,,,
2021-12-17 12:15:00-05:00,944.5599975585938,943.9119,,,,
2021-12-17 12:30:00-05:00,940.3900146484376,944.0116,,,,
2021-12-17 12:45:00-05:00,943.0927734375,943.4544,,,,
2021-12-17 13:00:00-05:00,942.4099731445312,943.3988,,,,
2021-12-17 13:15:00-05:00,947.3699951171876,943.2467,,,,
2021-12-17 13:30:00-05:00,946.02001953125,943.8811,,,,
2021-12-17 13:45:00-05:00,948.7440795898438,944.2102,,,,
2021-12-17 14:00:00-05:00,952.2449951171876,944.9077,,,,
2021-12-17 14:15:00-05:00,950.5213012695312,946.0365,,,,
2021-12-17 14:30:00-05:00,951.6599731445312,946.7265,,,,
2021-12-17 14:45:00-05:00,942.6177978515624,947.4855,,,,
2021-12-17 15:00:00-05:00,943.0449829101562,946.7366,,,,
2021-12-17 15:15:00-05:00,939.530029296875,946.1687,,,,
2021-12-17 15:30:00-05:00,935.2949829101562,945.1474,,,,
2021-12-17 15:45:00-05:00,931.1500244140624,943.6316,,,,
2021-12-20 09:30:00-05:00,913.9879150390624,941.7114,,,,
2021-12-20 09:45:00-05:00,915.0399780273438,937.4462,,,,
2021-12-20 10:00:00-05:00,908.27001953125,933.9991,,,,
2021-12-20 10:15:00-05:00,906.0311889648438,930.0408,,,,
2021-12-20 10:30:00-05:00,908.4000244140624,926.347,,,,
2021-12-20 10:45:00-05:00,898.169921875,923.5859,,,,
2021-12-20 11:00:00-05:00,898.5501098632812,919.6757,,,,
2021-12-20 11:15:00-05:00,901.4099731445312,916.4256,,,,
2021-12-20 11:30:00-05:00,902.9901123046876,914.1155,,,,
2021-12-20 11:45:00-05:00,905.9600219726562,912.4039,,,,
2021-12-20 12:00:00-05:00,904.2133178710938,911.4125,1047.8883,-136.47580000000005,,
2021-12-20 12:15:00-05:00,905.5305786132812,910.3049,1037.2457,-126.94079999999997,,
2021-12-20 12:30:00-05:00,901.9550170898438,909.5704,1027.489,-117.91860000000008,,
2021-12-20 12:45:00-05:00,900.8809814453124,908.3988,1018.1902,-109.79139999999995,,
2021-12-20 13:00:00-05:00,902.201171875,907.2422,1009.5006,-102.25839999999994,,
2021-12-20 13:15:00-05:00,901.2150268554688,906.4667,1001.5525,-95.08580000000006,,
2021-12-20 13:30:00-05:00,900.6900024414062,905.6588,994.1201,-88.46129999999994,,
2021-12-20 13:45:00-05:00,899.5449829101562,904.8944,987.1994,-82.30499999999995,,
2021-12-20 14:00:00-05:00,900.0399780273438,904.0714,980.7065,-76.63509999999997,,
2021-12-20 14:15:00-05:00,898.2000122070312,903.4512,974.7312,-71.27999999999997,,
2021-12-20 14:30:00-05:00,899.8364868164062,902.6433,969.0622,-66.41890000000001,,
2021-12-20 14:45:00-05:00,900.7700805664062,902.2115,963.9344,-61.72289999999998,,
2021-12-20 15:00:00-05:00,899.7000122070312,901.9897,959.2556,-57.26589999999999,,
2021-12-20 15:15:00-05:00,902.7899169921876,901.6374,954.8441,-53.20670000000007,,
2021-12-20 15:30:00-05:00,899.60498046875,901.8147,950.9882,-49.17349999999999,,
2021-12-20 15:45:00-05:00,900.0999755859375,901.4747,947.182,-45.70730000000003,,
2021-12-21 09:30:00-05:00,916.27001953125,901.2632,943.6944,-42.43119999999999,,
2021-12-21 09:45:00-05:00,904.1400146484376,903.5719,941.663,-38.09109999999998,,
2021-12-21 10:00:00-05:00,903.674072265625,903.6593,938.8835,-35.224199999999996,,
2021-12-21 10:15:00-05:00,894.4000244140625,903.6616,936.2754,-32.61379999999997,,
2021-12-21 10:30:00-05:00,893.6500244140625,902.2367,933.1735,-30.93679999999995,,
2021-12-21 10:45:00-05:00,896.1599731445312,900.9157,930.2458,-29.330100000000016,,
2021-12-21 11:00:00-05:00,899.6300048828125,900.184,927.7209,-27.53690000000006,,
2021-12-21 11:15:00-05:00,897.9801025390625,900.0988,925.6401,-25.54129999999998,,
2021-12-21 11:30:00-05:00,905.469970703125,899.7728,923.5912,-23.818399999999997,,
2021-12-21 11:45:00-05:00,908.8800048828124,900.6493,922.2489,-21.59960000000001,,
2021-12-21 12:00:00-05:00,911.140625,901.9156,921.2586,-19.34299999999996,,
2021-12-21 12:15:00-05:00,908.97998046875,903.3348,920.5091,-17.174300000000017,,
2021-12-21 12:30:00-05:00,906.5599975585938,904.2033,919.6551,-15.451799999999935,,
2021-12-21 12:45:00-05:00,913.760009765625,904.5659,918.6851,-14.119199999999978,,
2021-12-21 13:00:00-05:00,914.7899780273438,905.9804,918.3203,-12.339899999999943,,
2021-12-21 13:15:00-05:00,920.4400024414062,907.3357,918.0588,-10.723100000000045,,
2021-12-21 13:30:00-05:00,930.2608032226562,909.3517,918.2352,-8.883499999999913,,
2021-12-21 13:45:00-05:00,928.125,912.5685,919.126,-6.5575000000000045,,
2021-12-21 14:00:00-05:00,928.8200073242188,914.9618,919.7926,-4.830799999999954,,
2021-12-21 14:15:00-05:00,930.66162109375,917.0938,920.4613,-3.3675000000000637,,
2021-12-21 14:30:00-05:00,929.3779296875,919.1812,921.2169,-2.03570000000002,,
2021-12-21 14:45:00-05:00,933.3350219726562,920.7499,921.8214,-1.0715000000000146,,
2021-12-21 15:00:00-05:00,932.0,922.6861,922.6743,0.011799999999993815,,
2021-12-21 15:15:00-05:00,929.6699829101562,924.119,923.3651,0.7539000000000442,,
2021-12-21 15:30:00-05:00,932.1749877929688,924.973,923.8321,1.1408999999999878,,
2021-12-21 15:45:00-05:00,938.4299926757812,926.081,924.4501,1.630899999999997,,
2021-12-22 09:30:00-05:00,979.6749877929688,927.9808,925.4856,2.495200000000068,,
2021-12-22 09:45:00-05:00,983.0599975585938,935.9338,929.4996,6.434200000000033,,
2021-12-22 10:00:00-05:00,980.27001953125,943.184,933.467,9.716999999999985,,
2021-12-22 10:15:00-05:00,982.0198974609376,948.8895,936.9339,11.955600000000004,,
2021-12-22 10:30:00-05:00,988.75,953.9865,940.2736,13.71289999999999,,
2021-12-22 10:45:00-05:00,998.5900268554688,959.3347,943.8644,15.470299999999952,,
2021-12-22 11:00:00-05:00,1011.669921875,965.374,947.9182,17.455800000000067,,
2021-12-22 11:15:00-05:00,1010.8049926757812,972.4964,952.6405,19.85590000000002,,
2021-12-22 11:30:00-05:00,1005.9766845703124,978.39,956.949,21.44100000000003,,
2021-12-22 11:45:00-05:00,1005.1500244140624,982.6341,960.5807,22.05340000000001,,
2021-12-22 12:00:00-05:00,1006.3300170898438,986.0981,963.8821,22.216000000000008,,
2021-12-22 12:15:00-05:00,1004.4299926757812,989.2107,967.0264,22.184300000000007,,
2021-12-22 12:30:00-05:00,1001.2999877929688,991.5521,969.797,21.75509999999997,,
2021-12-22 12:45:00-05:00,995.9777221679688,993.0518,972.1306,20.9212,,
2021-12-22 13:00:00-05:00,996.2999877929688,993.5019,973.8971,19.604799999999955,,
2021-12-22 13:15:00-05:00,995.3400268554688,993.9324,975.5566,18.375800000000027,,
2021-12-22 13:30:00-05:00,992.9080200195312,994.149,977.022,17.126999999999953,,
2021-12-22 13:45:00-05:00,996.1599731445312,993.9581,978.1987,15.759399999999914,,
2021-12-22 14:00:00-05:00,998.0999755859376,994.2968,979.5292,14.767600000000016,,
2021-12-22 14:15:00-05:00,994.760009765625,994.8819,980.9048,13.97709999999995,,
2021-12-22 14:30:00-05:00,998.3616943359376,994.8631,981.9311,12.932000000000016,,
2021-12-22 14:45:00-05:00,1004.5399780273438,995.4013,983.1482,12.253100000000018,,
2021-12-22 15:00:00-05:00,1004.2999877929688,996.8073,984.7328,12.074500000000057,,
2021-12-22 15:15:00-05:00,1002.02001953125,997.96,986.1822,11.77780000000007,,
2021-12-22 15:30:00-05:00,1002.3099975585938,998.5846,987.3554,11.229199999999992,,
2021-12-22 15:45:00-05:00,1008.6300048828124,999.1577,988.4631,10.694599999999923,,
2021-12-23 09:30:00-05:00,1002.0,1000.615,989.9569,10.65809999999999,,
2021-12-23 09:45:00-05:00,1007.52001953125,1000.8281,990.849,9.979099999999903,,
2021-12-23 10:00:00-05:00,1015.77001953125,1001.8576,992.0839,9.773700000000076,,
2021-12-23 10:15:00-05:00,1031.14208984375,1003.998,993.8384,10.159600000000069,,
2021-12-23 10:30:00-05:00,1033.5478515625,1008.174,996.6016,11.572400000000016,,
2021-12-23 10:45:00-05:00,1042.6800537109375,1012.0777,999.3384,12.739300000000071,,
2021-12-23 11:00:00-05:00,1041.6558837890625,1016.7858,1002.5489,14.236899999999991,,
2021-12-23 11:15:00-05:00,1046.6126708984375,1020.612,1005.4457,15.166299999999978,,
2021-12-23 11:30:00-05:00,1048.5,1024.6121,1008.4951,16.117000000000075,,
2021-12-23 11:45:00-05:00,1054.6796875,1028.2872,1011.4584,16.8288,,
2021-12-23 12:00:00-05:00,1068.08349609375,1032.3476,1014.66,17.68760000000009,,
2021-12-23 12:15:00-05:00,1058.5550537109375,1037.8454,1018.6173,19.228099999999927,,
2021-12-23 12:30:00-05:00,1065.780029296875,1041.0315,1021.5757,19.455800000000067,,
2021-12-23 12:45:00-05:00,1064.125,1044.839,1024.8501,19.98889999999983,,
2021-12-23 13:00:00-05:00,1060.574951171875,1047.8061,1027.7594,20.0467000000001,,
2021-12-23 13:15:00-05:00,1067.166748046875,1049.7705,1030.1902,19.58030000000008,,
2021-12-23 13:30:00-05:00,1065.02001953125,1052.4468,1032.9292,19.517599999999902,,
2021-12-23 13:45:00-05:00,1066.47998046875,1054.3811,1035.3063,19.074800000000096,,
2021-12-23 14:00:00-05:00,1071.6700439453125,1056.2425,1037.6155,18.626999999999953,,
2021-12-23 14:15:00-05:00,1067.739990234375,1058.616,1040.1381,18.47790000000009,,
2021-12-23 14:30:00-05:00,1065.2174072265625,1060.0197,1042.1827,17.83699999999999,,
2021-12-23 14:45:00-05:00,1067.449951171875,1060.8193,1043.889,16.930300000000216,,
2021-12-23 15:00:00-05:00,1064.6099853515625,1061.8394,1045.6343,16.20510000000013,,
2021-12-23 15:15:00-05:00,1059.0999755859375,1062.2656,1047.0399,15.22569999999996,,
2021-12-23 15:30:00-05:00,1064.7950439453125,1061.7786,1047.9332,13.845400000000154,,
2021-12-23 15:45:00-05:00,1067.4599609375,1062.2427,1049.1822,13.060500000000047,,
2021-12-27 09:30:00-05:00,1090.56005859375,1063.0454,1050.5361,12.50929999999994,,
2021-12-27 09:45:00-05:00,1092.27001953125,1067.2784,1053.5008,13.777599999999893,,
2021-12-27 10:00:00-05:00,1102.4305419921875,1071.1233,1056.3726,14.750700000000052,,
2021-12-27 10:15:00-05:00,1108.8909912109375,1075.9398,1059.7843,16.155500000000075,,
2021-12-27 10:30:00-05:00,1107.39501953125,1081.0092,1063.4218,17.58739999999989,,
2021-12-27 10:45:00-05:00,1109.8699951171875,1085.0686,1066.6791,18.389499999999998,,
2021-12-27 11:00:00-05:00,1104.987060546875,1088.8842,1069.8784,19.00579999999991,,
2021-12-27 11:15:00-05:00,1106.2685546875,1091.3616,1072.479,18.88259999999991,,
2021-12-27 11:30:00-05:00,1104.2701416015625,1093.655,1074.9819,18.673099999999977,,
2021-12-27 11:45:00-05:00,1112.6199951171875,1095.2881,1077.1514,18.13670000000002,,
2021-12-27 12:00:00-05:00,1114.18994140625,1097.9545,1079.7787,18.17579999999998,,
2021-12-27 12:15:00-05:00,1113.2796630859375,1100.4523,1082.3277,18.124599999999873,,
2021-12-27 12:30:00-05:00,1111.7900390625,1102.4257,1084.6204,17.80529999999999,,
2021-12-27 12:45:00-05:00,1112.56005859375,1103.8664,1086.633,17.233400000000074,,
2021-12-27 13:00:00-05:00,1112.3800048828125,1105.2039,1088.5535,16.65039999999999,,
2021-12-27 13:15:00-05:00,1112.4200439453125,1106.3079,1090.3184,15.989499999999907,,
2021-12-27 13:30:00-05:00,1106.4100341796875,1107.2482,1091.9556,15.292599999999993,,
2021-12-27 13:45:00-05:00,1108.8399658203125,1107.1193,1093.0263,14.093000000000075,,
2021-12-27 14:00:00-05:00,1109.354248046875,1107.384,1094.1977,13.186300000000074,,
2021-12-27 14:15:00-05:00,1107.5225830078125,1107.6871,1095.3204,12.366700000000037,,
2021-12-27 14:30:00-05:00,1107.739990234375,1107.6618,1096.2243,11.4375,,
2021-12-27 14:45:00-05:00,1106.0999755859375,1107.6738,1097.0773,10.596500000000106,,
2021-12-27 15:00:00-05:00,1100.2900390625,1107.4317,1097.7456,9.686100000000124,,
2021-12-27 15:15:00-05:00,1094.6400146484375,1106.333,1097.9341,8.39890000000014,,
2021-12-27 15:30:00-05:00,1093.8798828125,1104.5341,1097.6901,6.844000000000051,,
2021-12-27 15:45:00-05:00,1093.8199462890625,1102.895,1097.4079,5.487100000000055,,
2021-12-28 09:30:00-05:00,1102.699951171875,1101.4988,1097.1421,4.356700000000046,,
2021-12-28 09:45:00-05:00,1097.0,1101.6836,1097.5538,4.129800000000159,,
2021-12-28 10:00:00-05:00,1079.9698486328125,1100.963,1097.5128,3.4501999999999953,,
2021-12-28 10:15:00-05:00,1089.594970703125,1097.7333,1096.2133,1.5200000000002092,,
2021-12-28 10:30:00-05:00,1083.5201416015625,1096.4812,1095.7231,0.7581000000000131,,
2021-12-28 10:45:00-05:00,1087.489990234375,1094.4872,1094.8192,-0.33199999999987995,,
2021-12-28 11:00:00-05:00,1083.010009765625,1093.4107,1094.2763,-0.8656000000000859,,
2021-12-28 11:15:00-05:00,1086.1739501953125,1091.8106,1093.4418,-1.6312000000000353,,
2021-12-28 11:30:00-05:00,1083.880126953125,1090.9434,1092.9034,-1.959999999999809,,
2021-12-28 11:45:00-05:00,1096.2630615234375,1089.8567,1092.235,-2.3782999999998538,,
2021-12-28 12:00:00-05:00,1095.2900390625,1090.8423,1092.5334,-1.6911000000000058,,
2021-12-28 12:15:00-05:00,1096.5833740234375,1091.5266,1092.7376,-1.2110000000000127,,
2021-12-28 12:30:00-05:00,1092.2000732421875,1092.3046,1093.0225,-0.7179000000000997,,
2021-12-28 12:45:00-05:00,1091.0,1092.2885,1092.9616,-0.6730999999999767,,
2021-12-28 13:00:00-05:00,1094.708251953125,1092.0903,1092.8163,-0.7259999999998854,,
2021-12-28 13:15:00-05:00,1091.675048828125,1092.4931,1092.9564,-0.4633000000001175,,
2021-12-28 13:30:00-05:00,1087.31005859375,1092.3672,1092.8615,-0.4943000000000666,,
2021-12-28 13:45:00-05:00,1090.719970703125,1091.5892,1092.4503,-0.8611000000000786,,
2021-12-28 14:00:00-05:00,1086.43505859375,1091.4555,1092.3221,-0.8666000000000622,,
2021-12-28 14:15:00-05:00,1090.030029296875,1090.6831,1091.886,-1.2028999999999996,,
2021-12-28 14:30:00-05:00,1087.64013671875,1090.5826,1091.7485,-1.165899999999965,,
2021-12-28 14:45:00-05:00,1091.3699951171875,1090.1299,1091.4442,-1.314300000000003,,
2021-12-28 15:00:00-05:00,1092.489990234375,1090.3207,1091.4387,-1.1179999999999382,,
2021-12-28 15:15:00-05:00,1095.0400390625,1090.6544,1091.5166,-0.8622000000000298,,
2021-12-28 15:30:00-05:00,1093.3658447265625,1091.3291,1091.7776,-0.44849999999996726,,
2021-12-28 15:45:00-05:00,1088.8499755859375,1091.6424,1091.8952,-0.25279999999997926,,
2021-12-29 09:30:00-05:00,1089.300048828125,1091.2128,1091.6696,-0.45679999999993015,,
2021-12-29 09:45:00-05:00,1083.300048828125,1090.9185,1091.4941,-0.5755999999998949,,
2021-12-29 10:00:00-05:00,1070.41455078125,1089.7464,1090.8871,-1.1406999999999243,,
2021-12-29 10:15:00-05:00,1073.7850341796875,1086.7723,1089.3706,-2.598299999999881,,
2021-12-29 10:30:00-05:00,1077.8299560546875,1084.7743,1088.2161,-3.4418000000000575,,
2021-12-29 10:45:00-05:00,1083.679931640625,1083.7059,1087.4468,-3.7409000000000106,,
2021-12-29 11:00:00-05:00,1081.35498046875,1083.7019,1087.1678,-3.4658999999999196,,
2021-12-29 11:15:00-05:00,1079.1400146484375,1083.3408,1086.7372,-3.396400000000085,,
2021-12-29 11:30:00-05:00,1076.1754150390625,1082.6945,1086.1744,-3.4799000000000433,,
2021-12-29 11:45:00-05:00,1074.22265625,1081.6916,1085.4337,-3.7420999999999367,,
2021-12-29 12:00:00-05:00,1079.35986328125,1080.5425,1084.6033,-4.060799999999972,,
2021-12-29 12:15:00-05:00,1075.6832275390625,1080.3606,1084.2149,-3.8542999999999665,,
2021-12-29 12:30:00-05:00,1079.3699951171875,1079.641,1083.5829,-3.9419000000000324,,
2021-12-29 12:45:00-05:00,1082.7650146484375,1079.5993,1083.2708,-3.6714999999999236,,
2021-12-29 13:00:00-05:00,1087.375,1080.0863,1083.2333,-3.147000000000162,,
2021-12-29 13:15:00-05:00,1085.0,1081.2076,1083.5401,-2.332499999999982,,
2021-12-29 13:30:00-05:00,1084.9200439453125,1081.791,1083.6482,-1.857200000000148,,
2021-12-29 13:45:00-05:00,1087.999755859375,1082.2724,1083.7424,-1.4700000000000273,,
2021-12-29 14:00:00-05:00,1090.8199462890625,1083.1535,1084.0578,-0.9043000000001484,,
2021-12-29 14:15:00-05:00,1093.4019775390625,1084.333,1084.5587,-0.2256999999999607,,
2021-12-29 14:30:00-05:00,1092.8199462890625,1085.7282,1085.2138,0.5144000000000233,,
2021-12-29 14:45:00-05:00,1092.9375,1086.8192,1085.7772,1.0419999999999163,,
2021-12-29 15:00:00-05:00,1085.81005859375,1087.7605,1086.3076,1.4528999999999996,,
2021-12-29 15:15:00-05:00,1085.530029296875,1087.4604,1086.2707,1.1896999999999025,,
2021-12-29 15:30:00-05:00,1091.3798828125,1087.1634,1086.2158,0.9475999999999658,,
2021-12-29 15:45:00-05:00,1085.56005859375,1087.8121,1086.5983,1.213799999999992,,
2021-12-30 09:30:00-05:00,1065.8050537109375,1087.4656,1086.5214,0.9441999999999098,,
2021-12-30 09:45:00-05:00,1073.93994140625,1084.1332,1084.9869,-0.8537000000001171,,
2021-12-30 10:00:00-05:00,1079.239990234375,1082.565,1084.1686,-1.6035999999999149,,
2021-12-30 10:15:00-05:00,1082.4200439453125,1082.0535,1083.8035,-1.75,,
2021-12-30 10:30:00-05:00,1079.739990234375,1082.1099,1083.701,-1.5911000000000968,,
2021-12-30 10:45:00-05:00,1075.3499755859375,1081.7453,1083.4076,-1.6622999999999593,,
2021-12-30 11:00:00-05:00,1079.719970703125,1080.7614,1082.8107,-2.049299999999903,,
2021-12-30 11:15:00-05:00,1081.58984375,1080.6012,1082.5818,-1.9805999999998676,,
2021-12-30 11:30:00-05:00,1088.760009765625,1080.7533,1082.5083,-1.7549999999998818,,
2021-12-30 11:45:00-05:00,1087.739990234375,1081.9851,1082.9714,-0.986299999999801,,
2021-12-30 12:00:00-05:00,1094.2099609375,1082.8705,1083.3246,-0.4540999999999258,,
2021-12-30 12:15:00-05:00,1092.679931640625,1084.615,1084.1309,0.4840999999998985,,
2021-12-30 12:30:00-05:00,1092.675048828125,1085.8558,1084.7642,1.0915999999999713,,
2021-12-30 12:45:00-05:00,1091.280029296875,1086.9049,1085.3502,1.5546999999999116,,
2021-12-30 13:00:00-05:00,1088.8499755859375,1087.578,1085.7894,1.7886000000000877,,
2021-12-30 13:15:00-05:00,1089.550048828125,1087.7737,1086.0161,1.7575999999999112,,
2021-12-30 13:30:00-05:00,1086.35498046875,1088.047,1086.2779,1.7690999999999804,,
2021-12-30 13:45:00-05:00,1085.594970703125,1087.7867,1086.2836,1.5031000000001313,,
2021-12-30 14:00:00-05:00,1083.6669921875,1087.4495,1086.2326,1.216899999999896,,
2021-12-30 14:15:00-05:00,1084.3575439453125,1086.8676,1086.0426,0.8250000000000455,,
2021-12-30 14:30:00-05:00,1082.5,1086.4814,1085.9178,0.5635999999999513,,
2021-12-30 14:45:00-05:00,1081.300048828125,1085.8689,1085.6646,0.20429999999987558,,
2021-12-30 15:00:00-05:00,1077.6700439453125,1085.166,1085.3413,-0.1753000000001066,,
2021-12-30 15:15:00-05:00,1078.52001953125,1084.0128,1084.7731,-0.760300000000143,,
2021-12-30 15:30:00-05:00,1073.300048828125,1083.1678,1084.3099,-1.1421000000000276,,
2021-12-30 15:45:00-05:00,1070.3299560546875,1081.6497,1083.4944,-1.8447000000001026,,
2021-12-31 09:30:00-05:00,1073.5526123046875,1079.9082,1082.5193,-2.611099999999851,,
2021-12-31 09:45:00-05:00,1071.0,1078.9304,1081.8551,-2.92470000000003,,
2021-12-31 10:00:00-05:00,1069.0982666015625,1077.7103,1081.051,-3.34069999999997,,
2021-12-31 10:15:00-05:00,1069.0157470703125,1076.3854,1080.1656,-3.78020000000015,,
2021-12-31 10:30:00-05:00,1068.050048828125,1075.2516,1079.3397,-4.08809999999994,,
2021-12-31 10:45:00-05:00,1066.885009765625,1074.1437,1078.5034,-4.359699999999975,,
2021-12-31 11:00:00-05:00,1065.300048828125,1073.027,1077.6428,-4.615800000000036,,
2021-12-31 11:15:00-05:00,1075.2598876953125,1071.8382,1076.7285,-4.890300000000025,,
2021-12-31 11:30:00-05:00,1072.550048828125,1072.3646,1076.6197,-4.255099999999857,,
2021-12-31 11:45:00-05:00,1070.5843505859375,1072.3931,1076.3182,-3.9250999999999294,,
2021-12-31 12:00:00-05:00,1069.75,1072.1148,1075.8935,-3.7786999999998443,-2.5663,-1.2123999999998443
2021-12-31 12:15:00-05:00,1068.0799560546875,1071.751,1075.4384,-3.687400000000025,-2.6356,-1.051800000000025
2021-12-31 12:30:00-05:00,1070.6300048828125,1071.1862,1074.8933,-3.707099999999855,-2.6957,-1.0113999999998549
2021-12-31 12:45:00-05:00,1071.4300537109375,1071.1006,1074.5775,-3.4769000000001142,-2.7535,-0.7234000000001144
2021-12-31 13:00:00-05:00,1068.4300537109375,1071.1513,1074.3444,-3.1930999999999585,-2.7948,-0.3982999999999586
2021-12-31 13:15:00-05:00,1067.7900390625,1070.7326,1073.9063,-3.1737000000000535,-2.8176,-0.3561000000000534
2021-12-31 13:30:00-05:00,1068.012939453125,1070.2799,1073.4532,-3.1732999999999265,-2.8379,-0.33539999999992665
2021-12-31 13:45:00-05:00,1065.8797607421875,1069.9311,1073.0502,-3.1190999999998894,-2.8571,-0.26199999999988943
2021-12-31 14:00:00-05:00,1061.31494140625,1069.3078,1072.5191,-3.2112999999999374,-2.8721,-0.33919999999993733
2021-12-31 14:15:00-05:00,1063.3800048828125,1068.0781,1071.6892,-3.6111000000000786,-2.8915,-0.7196000000000784
2021-12-31 14:30:00-05:00,1064.0301513671875,1067.3553,1071.0737,-3.718399999999974,-2.9326,-0.7857999999999743
2021-12-31 14:45:00-05:00,1062.0,1066.8437,1070.552,-3.7083000000000084,-2.9775,-0.7308000000000083
2021-12-31 15:00:00-05:00,1063.449951171875,1066.0985,1069.9185,-3.8199999999999363,-3.0193,-0.8006999999999365
2021-12-31 15:15:00-05:00,1063.5,1065.691,1069.4393,-3.748299999999972,-3.0651,-0.6831999999999718
2021-12-31 15:30:00-05:00,1060.25,1065.3539,1068.9994,-3.6454999999998563,-3.1041,-0.5413999999998564
2021-12-31 15:45:00-05:00,1057.239990234375,1064.5687,1068.3513,-3.782600000000002,-3.135,-0.6476000000000024
2022-01-03 09:30:00-05:00,1165.1978759765625,1063.4412,1067.5282,-4.086999999999989,-3.172,-0.9149999999999889
2022-01-03 09:45:00-05:00,1148.9998779296875,1079.0961,1074.763,4.333100000000059,-3.2243,7.557400000000058
2022-01-03 10:00:00-05:00,1156.5899658203125,1089.8505,1080.262,9.588500000000067,-2.7924,12.380900000000068
2022-01-03 10:15:00-05:00,1152.0050048828125,1100.1181,1085.9159,14.202199999999948,-2.0849,16.28709999999995
2022-01-03 10:30:00-05:00,1153.2900390625,1108.1007,1090.8114,17.289299999999912,-1.1542,18.44349999999991
2022-01-03 10:45:00-05:00,1168.300048828125,1115.0529,1095.4394,19.61349999999993,-0.1003,19.71379999999993
2022-01-03 11:00:00-05:00,1169.300048828125,1123.2448,1100.8365,22.408300000000054,1.0262,21.382100000000055
2022-01-03 11:15:00-05:00,1165.8359375,1130.3302,1105.9079,24.422300000000178,2.248,22.174300000000176
2022-01-03 11:30:00-05:00,1163.56494140625,1135.7926,1110.347,25.445600000000013,3.5151,21.930500000000013
2022-01-03 11:45:00-05:00,1165.2913818359375,1140.0653,1114.2891,25.776200000000017,4.7683,21.007900000000017
2022-01-03 12:00:00-05:00,1164.0,1143.9462,1118.067,25.879200000000083,5.9688,19.91040000000008
2022-01-03 12:15:00-05:00,1167.0,1147.0314,1121.4694,25.562000000000126,7.1065,18.455500000000125
2022-01-03 12:30:00-05:00,1169.2900390625,1150.1035,1124.842,25.26149999999984,8.1611,17.100399999999844
2022-01-03 12:45:00-05:00,1174.0799560546875,1153.0553,1128.1344,24.920900000000074,9.1383,15.782600000000075
2022-01-03 13:00:00-05:00,1175.5738525390625,1156.2899,1131.5378,24.752099999999928,10.0402,14.711899999999927
2022-01-03 13:15:00-05:00,1175.6600341796875,1159.2567,1134.7997,24.45699999999988,10.8809,13.57609999999988
2022-01-03 13:30:00-05:00,1179.0350341796875,1161.7803,1137.8264,23.953899999999976,11.6567,12.297199999999975
2022-01-03 13:45:00-05:00,1178.219970703125,1164.4349,1140.8789,23.55600000000004,12.3594,11.19660000000004
2022-01-03 14:00:00-05:00,1184.1600341796875,1166.5557,1143.6449,22.91079999999988,12.9992,9.911599999999881
2022-01-03 14:15:00-05:00,1185.696044921875,1169.2641,1146.646,22.61810000000014,13.5656,9.05250000000014
2022-01-03 14:30:00-05:00,1188.81005859375,1171.7921,1149.5386,22.253499999999804,14.0829,8.170599999999803
2022-01-03 14:45:00-05:00,1194.4818115234375,1174.4102,1152.4476,21.962600000000066,14.5498,7.4128000000000664
2022-01-03 15:00:00-05:00,1197.6700439453125,1177.4981,1155.5612,21.936899999999923,14.9734,6.963499999999923
2022-01-03 15:15:00-05:00,1192.56005859375,1180.6015,1158.6804,21.921100000000024,15.3713,6.549800000000024
2022-01-03 15:30:00-05:00,1191.0201416015625,1182.4413,1161.19,21.2512999999999,15.7456,5.5056999999999015
2022-01-03 15:45:00-05:00,1199.6500244140625,1183.7611,1163.3996,20.361499999999978,16.0602,4.30129999999998
2022-01-04 09:30:00-05:00,1204.22998046875,1186.2055,1166.0848,20.120699999999943,16.306,3.8146999999999416
2022-01-04 09:45:00-05:00,1190.3599853515625,1188.9785,1168.9104,20.06809999999996,16.524,3.5440999999999576
2022-01-04 10:00:00-05:00,1183.0899658203125,1189.191,1170.4993,18.691700000000083,16.7265,1.965200000000081
2022-01-04 10:15:00-05:00,1187.0,1188.2524,1171.4319,16.820500000000038,16.8388,-0.018299999999960903
2022-01-04 10:30:00-05:00,1162.7000732421875,1188.0597,1172.5851,15.47460000000001,16.8378,-1.363199999999992
2022-01-04 10:45:00-05:00,1151.9835205078125,1184.1582,1171.8529,12.305299999999988,16.7599,-4.45460000000001
2022-01-04 11:00:00-05:00,1148.27001953125,1179.2082,1170.3811,8.827099999999973,16.5054,-7.6783000000000285
2022-01-04 11:15:00-05:00,1134.3253173828125,1174.4485,1168.7432,5.705300000000079,16.0666,-10.361299999999922
2022-01-04 11:30:00-05:00,1149.1671142578125,1168.2757,1166.1937,2.08199999999988,15.4745,-13.39250000000012
2022-01-04 11:45:00-05:00,1142.619873046875,1165.3359,1164.9325,0.403400000000147,14.7092,-14.305799999999852
2022-01-04 12:00:00-05:00,1151.6600341796875,1161.8411,1163.2797,-1.4385999999999513,13.8917,-15.330299999999951
2022-01-04 12:15:00-05:00,1156.18994140625,1160.2748,1162.419,-2.1442000000001826,13.0157,-15.159900000000183
2022-01-04 12:30:00-05:00,1161.1282958984375,1159.6464,1161.9576,-2.3111999999998716,12.1494,-14.460599999999872
2022-01-04 12:45:00-05:00,1157.1700439453125,1159.8744,1161.8962,-2.0217999999999847,11.3231,-13.344899999999985
2022-01-04 13:00:00-05:00,1161.379150390625,1159.4583,1161.5461,-2.0878000000000156,10.5605,-12.648300000000015
2022-01-04 13:15:00-05:00,1160.85986328125,1159.7538,1161.5337,-1.7798999999999978,9.8377,-11.617599999999998
2022-01-04 13:30:00-05:00,1153.3099365234375,1159.924,1161.4838,-1.5597999999999956,9.1738,-10.733599999999996
2022-01-04 13:45:00-05:00,1141.885009765625,1158.9065,1160.8783,-1.9718000000000302,8.5605,-10.53230000000003
2022-01-04 14:00:00-05:00,1142.25,1156.2878,1159.4714,-3.183599999999842,7.9587,-11.142299999999842
2022-01-04 14:15:00-05:00,1141.10400390625,1154.1281,1158.1957,-4.067600000000084,7.322,-11.389600000000083
2022-01-04 14:30:00-05:00,1152.3548583984375,1152.1244,1156.9296,-4.8052000000000135,6.6712,-11.476400000000012
2022-01-04 14:45:00-05:00,1145.6900634765625,1152.1599,1156.5907,-4.430799999999863,6.0154,-10.446199999999862
2022-01-04 15:00:00-05:00,1144.27001953125,1151.1645,1155.7832,-4.61869999999999,5.4185,-10.03719999999999
2022-01-04 15:15:00-05:00,1151.6099853515625,1150.1038,1154.9304,-4.826599999999871,4.8449,-9.67149999999987
2022-01-04 15:30:00-05:00,1151.0,1150.3355,1154.6844,-4.348900000000185,4.2922,-8.641100000000186
2022-01-04 15:45:00-05:00,1149.6300048828125,1150.4377,1154.4115,-3.973799999999983,3.7984,-7.772199999999983
2022-01-05 09:30:00-05:00,1155.22998046875,1150.3134,1154.0573,-3.7438999999999396,3.3543,-7.09819999999994
2022-01-05 09:45:00-05:00,1161.5699462890625,1151.0698,1154.1442,-3.0743999999999687,2.9487,-6.023099999999969
2022-01-05 10:00:00-05:00,1158.8299560546875,1152.6852,1154.6943,-2.009100000000217,2.6045,-4.613600000000217
2022-01-05 10:15:00-05:00,1159.0400390625,1153.6305,1155.0006,-1.3701000000000931,2.3409,-3.711000000000093
2022-01-05 10:30:00-05:00,1146.47998046875,1154.4627,1155.2998,-0.837099999999964,2.1288,-2.965899999999964
2022-01-05 10:45:00-05:00,1152.594970703125,1153.2346,1154.6465,-1.4119000000000597,1.9593,-3.3712000000000595
2022-01-05 11:00:00-05:00,1155.9437255859375,1153.1362,1154.4945,-1.3583000000000993,1.7667,-3.1250000000000995
2022-01-05 11:15:00-05:00,1150.1400146484375,1153.5681,1154.6019,-1.0337999999999283,1.5881,-2.621899999999928
2022-01-05 11:30:00-05:00,1144.3050537109375,1153.0407,1154.2714,-1.2307000000000698,1.4383,-2.6690000000000698
2022-01-05 11:45:00-05:00,1142.0985107421875,1151.6968,1153.5332,-1.8364000000001397,1.2858,-3.1222000000001398
2022-01-05 12:00:00-05:00,1141.22998046875,1150.2201,1152.6862,-2.4661000000000968,1.1074,-3.573500000000097
2022-01-05 12:15:00-05:00,1143.300048828125,1148.837,1151.8376,-3.0006000000000768,0.9032,-3.9038000000000768
2022-01-05 12:30:00-05:00,1136.89794921875,1147.9852,1151.2052,-3.2200000000000273,0.6801,-3.900100000000027
2022-01-05 12:45:00-05:00,1138.0,1146.2795,1150.1454,-3.8659000000000106,0.4572,-4.323100000000011
2022-01-05 13:00:00-05:00,1134.5086669921875,1145.0057,1149.2457,-4.240000000000009,0.2102,-4.4502000000000095
2022-01-05 13:15:00-05:00,1137.550048828125,1143.3908,1148.1541,-4.763300000000072,-0.0441,-4.719200000000072
2022-01-05 13:30:00-05:00,1137.9962158203125,1142.4922,1147.3686,-4.876400000000103,-0.3138,-4.562600000000104
2022-01-05 13:45:00-05:00,1137.0767822265625,1141.8005,1146.6743,-4.8737999999998465,-0.5745,-4.299299999999846
2022-01-05 14:00:00-05:00,1125.2249755859375,1141.0738,1145.9634,-4.8896000000002005,-0.8202,-4.069400000000201
2022-01-05 14:15:00-05:00,1122.8626708984375,1138.6355,1144.4272,-5.791699999999992,-1.0527,-4.738999999999992
2022-01-05 14:30:00-05:00,1107.2410888671875,1136.2089,1142.8298,-6.620899999999892,-1.3235,-5.297399999999892
2022-01-05 14:45:00-05:00,1104.998291015625,1131.7523,1140.1936,-8.441299999999956,-1.6262,-6.815099999999956
2022-01-05 15:00:00-05:00,1101.469970703125,1127.6363,1137.5865,-9.950199999999995,-2.0156,-7.934599999999995
2022-01-05 15:15:00-05:00,1085.6800537109375,1123.6107,1134.9112,-11.300500000000056,-2.469,-8.831500000000057
2022-01-05 15:30:00-05:00,1091.5699462890625,1117.7752,1131.2644,-13.489199999999983,-2.9737,-10.515499999999982
2022-01-05 15:45:00-05:00,1087.6201171875,1113.7436,1128.3241,-14.580500000000029,-3.5746,-11.005900000000029
2022-01-06 09:30:00-05:00,1083.0,1109.7246,1125.309,-15.58439999999996,-4.2035,-11.38089999999996
2022-01-06 09:45:00-05:00,1049.0101318359375,1105.6131,1122.175,-16.561899999999923,-4.8538,-11.708099999999924
2022-01-06 10:00:00-05:00,1033.912109375,1096.905,1116.7554,-19.850400000000036,-5.5228,-14.327600000000036
2022-01-06 10:15:00-05:00,1041.8699951171875,1087.2138,1110.6189,-23.405099999999948,-6.3415,-17.063599999999948
2022-01-06 10:30:00-05:00,1048.5400390625,1080.2378,1105.5264,-25.28859999999986,-7.3166,-17.97199999999986
2022-01-06 10:45:00-05:00,1065.3499755859375,1075.3612,1101.3052,-25.94399999999996,-8.3436,-17.600399999999958
2022-01-06 11:00:00-05:00,1072.4481201171875,1073.821,1098.6419,-24.820900000000165,-9.3493,-15.471600000000166
2022-01-06 11:15:00-05:00,1061.14990234375,1073.6098,1096.7016,-23.09180000000015,-10.2334,-12.858400000000149
2022-01-06 11:30:00-05:00,1056.5810546875,1071.6929,1094.0681,-22.37519999999995,-10.9682,-11.40699999999995
2022-01-06 11:45:00-05:00,1062.0,1069.368,1091.2913,-21.923300000000154,-11.62,-10.303300000000155
2022-01-06 12:00:00-05:00,1066.327392578125,1068.2345,1089.1216,-20.88709999999992,-12.2088,-8.678299999999918
2022-01-06 12:15:00-05:00,1063.581787109375,1067.9411,1087.4331,-19.491999999999962,-12.7047,-6.787299999999961
2022-01-06 12:30:00-05:00,1074.3900146484375,1067.2704,1085.6663,-18.395899999999983,-13.0925,-5.303399999999984
2022-01-06 12:45:00-05:00,1069.90087890625,1068.3657,1084.831,-16.465299999999843,-13.3956,-3.069699999999843
2022-01-06 13:00:00-05:00,1071.31005859375,1068.6019,1083.7251,-15.123200000000224,-13.571,-1.5522000000002247
2022-01-06 13:15:00-05:00,1060.510009765625,1069.0185,1082.8055,-13.787000000000035,-13.6597,-0.12730000000003372
2022-01-06 13:30:00-05:00,1064.3238525390625,1067.7095,1081.154,-13.444500000000062,-13.667,0.22249999999993797
2022-01-06 13:45:00-05:00,1067.18994140625,1067.1886,1079.9073,-12.718700000000126,-13.6543,0.935599999999873
2022-01-06 14:00:00-05:00,1063.280029296875,1067.1888,1078.9653,-11.77650000000017,-13.6008,1.8242999999998304
2022-01-06 14:15:00-05:00,1063.5999755859375,1066.5875,1077.8034,-11.21589999999992,-13.4966,2.280700000000081
2022-01-06 14:30:00-05:00,1065.4000244140625,1066.1279,1076.7513,-10.623399999999947,-13.3663,2.742900000000054
2022-01-06 14:45:00-05:00,1076.1883544921875,1066.0159,1075.9105,-9.894599999999855,-13.2096,3.315000000000145
2022-01-06 15:00:00-05:00,1076.9200439453125,1067.5809,1075.9311,-8.350200000000086,-13.0202,4.669999999999915
2022-01-06 15:15:00-05:00,1074.4300537109375,1069.0177,1076.0044,-6.986699999999928,-12.7533,5.7666000000000714
2022-01-06 15:30:00-05:00,1068.699951171875,1069.8504,1075.8878,-6.037399999999934,-12.4238,6.386400000000066
2022-01-06 15:45:00-05:00,1064.699951171875,1069.6734,1075.3554,-5.682000000000016,-12.0589,6.376899999999983
2022-01-07 09:30:00-05:00,1073.0849609375,1068.9083,1074.5661,-5.657799999999952,-11.6945,6.036700000000048
2022-01-07 09:45:00-05:00,1073.97998046875,1069.5509,1074.4564,-4.905500000000075,-11.3495,6.443999999999926
2022-01-07 10:00:00-05:00,1060.06005859375,1070.2323,1074.4211,-4.188800000000128,-10.9813,6.792499999999871
2022-01-07 10:15:00-05:00,1049.4500732421875,1068.6673,1073.3573,-4.689999999999827,-10.5932,5.903200000000172
2022-01-07 10:30:00-05:00,1041.9300537109375,1065.7108,1071.5864,-5.875599999999849,-10.2559,4.380300000000151
2022-01-07 10:45:00-05:00,1039.0,1062.0522,1069.3896,-7.337399999999889,-10.0056,2.6682000000001107
2022-01-07 11:00:00-05:00,1034.324951171875,1058.5057,1067.1385,-8.632800000000088,-9.8531,1.2202999999999111
2022-01-07 11:15:00-05:00,1039.1064453125,1054.7856,1064.7079,-9.922300000000178,-9.7834,-0.13890000000017722
2022-01-07 11:30:00-05:00,1037.8314208984375,1052.3734,1062.8115,-10.438100000000077,-9.7913,-0.6468000000000771
2022-01-07 11:45:00-05:00,1041.5,1050.1362,1060.9611,-10.82490000000007,-9.8283,-0.9966000000000701
2022-01-07 12:00:00-05:00,1042.1444091796875,1048.8076,1059.5195,-10.711900000000014,-9.8852,-0.8267000000000149
2022-01-07 12:15:00-05:00,1034.4000244140625,1047.7825,1058.2325,-10.450000000000045,-9.9324,-0.517600000000046
2022-01-07 12:30:00-05:00,1033.1099853515625,1045.7237,1056.4671,-10.743400000000065,-9.962,-0.7814000000000654
2022-01-07 12:45:00-05:00,1038.3499755859375,1043.7831,1054.7369,-10.953800000000001,-10.0067,-0.9471000000000007
2022-01-07 13:00:00-05:00,1036.0306396484375,1042.9472,1053.5231,-10.575900000000047,-10.0608,-0.5151000000000465
2022-01-07 13:15:00-05:00,1027.97998046875,1041.8831,1052.2274,-10.344299999999976,-10.0902,-0.25409999999997623
2022-01-07 13:30:00-05:00,1028.3218994140625,1039.7442,1050.4313,-10.687099999999873,-10.1047,-0.5823999999998737
2022-01-07 13:45:00-05:00,1024.1600341796875,1037.9869,1048.7936,-10.806699999999864,-10.138,-0.6686999999998644
2022-01-07 14:00:00-05:00,1018.7449951171876,1035.8597,1046.9689,-11.1092000000001,-10.1762,-0.9330000000001011
2022-01-07 14:15:00-05:00,1017.0,1033.2267,1044.8782,-11.65150000000017,-10.2295,-1.4220000000001694
2022-01-07 14:30:00-05:00,1030.341796875,1030.7303,1042.8131,-12.082800000000134,-10.3108,-1.7720000000001335
2022-01-07 14:45:00-05:00,1032.0,1030.6705,1041.8893,-11.218800000000101,-10.4121,-0.8067000000001006
2022-01-07 15:00:00-05:00,1027.3699951171875,1030.875,1041.1568,-10.281799999999976,-10.4582,0.1764000000000241
2022-01-07 15:15:00-05:00,1021.3800048828124,1030.3358,1040.1356,-9.799800000000005,-10.4481,0.6482999999999954
2022-01-07 15:30:00-05:00,1023.5924072265624,1028.958,1038.7463,-9.788299999999936,-10.4111,0.6228000000000637
2022-01-07 15:45:00-05:00,1026.9000244140625,1028.1325,1037.6238,-9.491300000000138,-10.3755,0.8841999999998631
2022-01-10 09:30:00-05:00,984.9899291992188,1027.9429,1036.8294,-8.88650000000007,-10.325,1.4384999999999302
2022-01-10 09:45:00-05:00,993.0499877929688,1021.3348,1032.9894,-11.65459999999996,-10.2428,-1.4117999999999586
2022-01-10 10:00:00-05:00,998.968017578125,1016.9833,1030.0309,-13.047599999999989,-10.3235,-2.7240999999999893
2022-01-10 10:15:00-05:00,1013.7899780273438,1014.2117,1027.7299,-13.518200000000093,-10.4792,-3.039000000000092
2022-01-10 10:30:00-05:00,996.260009765625,1014.1468,1026.6973,-12.550500000000056,-10.6529,-1.8976000000000557
2022-01-10 10:45:00-05:00,1006.5399780273438,1011.395,1024.4427,-13.047700000000077,-10.7613,-2.286400000000077
2022-01-10 11:00:00-05:00,1017.9644165039062,1010.6481,1023.1166,-12.468499999999949,-10.892,-1.5764999999999496
2022-01-10 11:15:00-05:00,1027.3299560546875,1011.7737,1022.735,-10.961300000000051,-10.9821,0.020799999999949748
2022-01-10 11:30:00-05:00,1023.02001953125,1014.167,1023.0754,-8.908399999999915,-10.9809,2.072500000000085
2022-01-10 11:45:00-05:00,1026.16748046875,1015.529,1023.0713,-7.542299999999955,-10.8625,3.320200000000046
2022-01-10 12:00:00-05:00,1012.0,1017.1657,1023.3006,-6.134900000000016,-10.6728,4.5378999999999845
2022-01-10 12:15:00-05:00,1011.0,1016.371,1022.4635,-6.092499999999973,-10.4135,4.321000000000028
2022-01-10 12:30:00-05:00,1014.1500244140624,1015.5447,1021.6144,-6.069700000000012,-10.1666,4.096899999999989
2022-01-10 12:45:00-05:00,1022.4249877929688,1015.3301,1021.0615,-5.731400000000008,-9.9325,4.201099999999991
2022-01-10 13:00:00-05:00,1021.260009765625,1016.4216,1021.1625,-4.7409000000000106,-9.6924,4.951499999999989
2022-01-10 13:15:00-05:00,1021.3900146484376,1017.166,1021.1697,-4.003699999999981,-9.4095,5.405800000000019
2022-01-10 13:30:00-05:00,1021.3099975585938,1017.8158,1021.186,-3.370200000000068,-9.1006,5.730399999999932
2022-01-10 13:45:00-05:00,1025.2698974609375,1018.3534,1021.1952,-2.8418000000000347,-8.7731,5.931299999999965
2022-01-10 14:00:00-05:00,1031.81005859375,1019.4175,1021.497,-2.079499999999939,-8.4342,6.3547000000000615
2022-01-10 14:15:00-05:00,1035.5,1021.324,1022.2609,-0.9369000000000369,-8.0711,7.134199999999963
2022-01-10 14:30:00-05:00,1035.385009765625,1023.5049,1023.2416,0.26330000000007203,-7.6634,7.926700000000072
2022-01-10 14:45:00-05:00,1038.4500732421875,1025.3326,1024.1411,1.1914999999999054,-7.2104,8.401899999999905
2022-01-10 15:00:00-05:00,1035.35498046875,1027.3507,1025.201,2.149699999999939,-6.7303,8.879999999999939
2022-01-10 15:15:00-05:00,1043.3636474609375,1028.5821,1025.9531,2.629000000000133,-6.2229,8.851900000000132
2022-01-10 15:30:00-05:00,1048.4219970703125,1030.8562,1027.2428,3.613399999999956,-5.7171,9.330499999999956
2022-01-10 15:45:00-05:00,1058.27001953125,1033.5586,1028.8116,4.747000000000071,-5.1839,9.930900000000072
2022-01-11 09:30:00-05:00,1043.2999267578125,1037.3604,1030.9937,6.366700000000037,-4.6164,10.983100000000036
2022-01-11 09:45:00-05:00,1054.1800537109375,1038.2742,1031.9053,6.368900000000167,-3.9888,10.357700000000166
2022-01-11 10:00:00-05:00,1066.239990234375,1040.7213,1033.5553,7.16599999999994,-3.3969,10.56289999999994
2022-01-11 10:15:00-05:00,1063.7550048828125,1044.6473,1035.9764,8.670900000000074,-2.7933,11.464200000000075
2022-01-11 10:30:00-05:00,1046.6717529296875,1047.5869,1038.0341,9.552799999999934,-2.1382,11.690999999999933
2022-01-11 10:45:00-05:00,1053.364990234375,1047.4461,1038.6739,8.772199999999884,-1.4701,10.242299999999885
2022-01-11 11:00:00-05:00,1068.8299560546875,1048.3567,1039.7621,8.594600000000128,-0.8848,9.479400000000128
2022-01-11 11:15:00-05:00,1065.6300048828125,1051.5064,1041.9153,9.591100000000097,-0.3431,9.934200000000097
2022-01-11 11:30:00-05:00,1073.1976318359375,1053.6793,1043.6719,10.007399999999961,0.2246,9.78279999999996
2022-01-11 11:45:00-05:00,1071.0,1056.6821,1045.859,10.823100000000068,0.7836,10.039500000000068
2022-01-11 12:00:00-05:00,1066.22998046875,1058.8849,1047.7213,11.163600000000088,1.3573,9.806300000000087
2022-01-11 12:15:00-05:00,1054.8489990234375,1060.0149,1049.0923,10.922599999999875,1.9177,9.004899999999875
2022-01-11 12:30:00-05:00,1063.6800537109375,1059.2201,1049.5187,9.701399999999921,2.4323,7.269099999999922
2022-01-11 12:45:00-05:00,1064.329345703125,1059.9062,1050.5677,9.33849999999984,2.8477,6.49079999999984
2022-01-11 13:00:00-05:00,1061.4200439453125,1060.5867,1051.5871,8.9996000000001,3.2186,5.7810000000001
2022-01-11 13:15:00-05:00,1061.699951171875,1060.7149,1052.3155,8.399400000000014,3.5489,4.8505000000000145
2022-01-11 13:30:00-05:00,1065.2598876953125,1060.8664,1053.0106,7.855800000000045,3.8261,4.0297000000000445
2022-01-11 13:45:00-05:00,1063.5799560546875,1061.5423,1053.918,7.624300000000176,4.0564,3.5679000000001757
2022-01-11 14:00:00-05:00,1060.510009765625,1061.8558,1054.6337,7.222099999999955,4.2603,2.961799999999955
2022-01-11 14:15:00-05:00,1057.6728515625,1061.6488,1055.069,6.5797999999999774,4.4295,2.1502999999999775
2022-01-11 14:30:00-05:00,1060.433349609375,1061.0371,1055.2619,5.775200000000041,4.5524,1.2228000000000412
2022-01-11 14:45:00-05:00,1059.3834228515625,1060.9442,1055.645,5.299199999999928,4.6223,0.6768999999999279
2022-01-11 15:00:00-05:00,1058.3570556640625,1060.7041,1055.9219,4.782199999999875,4.661,0.12119999999987563
2022-01-11 15:15:00-05:00,1058.219970703125,1060.343,1056.1023,4.240700000000061,4.6679,-0.42719999999993963
2022-01-11 15:30:00-05:00,1059.175048828125,1060.0164,1056.2592,3.7572000000000116,4.6435,-0.8862999999999888
2022-01-11 15:45:00-05:00,1064.4000244140625,1059.887,1056.4752,3.4117999999998574,4.5929,-1.1811000000001428
2022-01-12 09:30:00-05:00,1075.4300537109375,1060.5813,1057.0622,3.5190999999999804,4.5254,-1.00630000000002
2022-01-12 09:45:00-05:00,1085.344970703125,1062.8657,1058.4228,4.442900000000009,4.4679,-0.024999999999991473
2022-01-12 10:00:00-05:00,1095.331787109375,1066.324,1060.417,5.907000000000153,4.4665,1.4405000000001529
2022-01-12 10:15:00-05:00,1098.5550537109375,1070.7867,1063.0033,7.783400000000029,4.5488,3.234600000000029
2022-01-12 10:30:00-05:00,1092.0,1075.0588,1065.6368,9.422000000000025,4.7336,4.688400000000025
2022-01-12 10:45:00-05:00,1089.0,1077.6651,1067.5896,10.07549999999992,5.0015,5.07399999999992
2022-01-12 11:00:00-05:00,1085.780029296875,1079.4089,1069.1756,10.233299999999872,5.2914,4.941899999999872
2022-01-12 11:15:00-05:00,1090.52001953125,1080.3891,1070.4056,9.98350000000005,5.5738,4.409700000000049
2022-01-12 11:30:00-05:00,1092.4029541015625,1081.9477,1071.8956,10.052099999999882,5.8258,4.226299999999882
2022-01-12 11:45:00-05:00,1092.062255859375,1083.5562,1073.4147,10.14149999999995,6.0673,4.0741999999999505
2022-01-12 12:00:00-05:00,1090.5198974609375,1084.8648,1074.796,10.06880000000001,6.3001,3.7687000000000106
2022-01-12 12:15:00-05:00,1093.4000244140625,1085.7348,1075.9607,9.774099999999862,6.5155,3.258599999999862
2022-01-12 12:30:00-05:00,1097.0,1086.9141,1077.2525,9.661599999999908,6.7017,2.959899999999908
2022-01-12 12:45:00-05:00,1101.06005859375,1088.4658,1078.7153,9.750499999999874,6.8708,2.8796999999998745
2022-01-12 13:00:00-05:00,1096.4500732421875,1090.4034,1080.3705,10.032899999999927,7.0354,2.997499999999927
2022-01-12 13:15:00-05:00,1098.52001953125,1091.3337,1081.5616,9.77209999999991,7.2067,2.5653999999999098
2022-01-12 13:30:00-05:00,1098.06005859375,1092.4393,1082.8178,9.621499999999969,7.3533,2.268199999999969
2022-01-12 13:45:00-05:00,1098.6199951171875,1093.304,1083.9469,9.357100000000173,7.4829,1.8742000000001733
2022-01-12 14:00:00-05:00,1102.4000244140625,1094.1218,1085.0338,9.087999999999965,7.59,1.4979999999999656
2022-01-12 14:15:00-05:00,1107.531005859375,1095.3954,1086.3202,9.075199999999995,7.6756,1.399599999999995
2022-01-12 14:30:00-05:00,1107.2249755859375,1097.2624,1087.8914,9.371000000000095,7.7556,1.6154000000000943
2022-01-12 14:45:00-05:00,1113.050048828125,1098.7951,1089.3235,9.47160000000008,7.8479,1.6237000000000803
2022-01-12 15:00:00-05:00,1113.0,1100.9882,1091.081,9.907200000000103,7.9407,1.966500000000103
2022-01-12 15:15:00-05:00,1108.72998046875,1102.8362,1092.7046,10.131599999999935,8.0531,2.0784999999999343
2022-01-12 15:30:00-05:00,1108.780029296875,1103.7429,1093.8917,9.851200000000063,8.1719,1.6793000000000617
2022-01-12 15:45:00-05:00,1106.8800048828125,1104.5178,1094.9945,9.523300000000063,8.2679,1.2554000000000638
2022-01-13 09:30:00-05:00,1105.869873046875,1104.8812,1095.8749,9.00630000000001,8.3396,0.6667000000000094
2022-01-13 09:45:00-05:00,1111.4599609375,1105.0333,1096.6153,8.41800000000012,8.3777,0.04030000000011924
2022-01-13 10:00:00-05:00,1097.4000244140625,1106.022,1097.7149,8.307099999999991,8.38,-0.07290000000000951
2022-01-13 10:15:00-05:00,1098.41845703125,1104.6955,1097.6916,7.0038999999999305,8.3758,-1.3719000000000694
2022-01-13 10:30:00-05:00,1082.489990234375,1103.7298,1097.7454,5.984400000000051,8.2974,-2.312999999999949
2022-01-13 10:45:00-05:00,1074.06005859375,1100.4621,1096.6154,3.8467000000000553,8.1652,-4.318499999999945
2022-01-13 11:00:00-05:00,1067.800048828125,1096.4002,1094.9446,1.455600000000004,7.9184,-6.462799999999996
2022-01-13 11:15:00-05:00,1081.183349609375,1092.0002,1092.9339,-0.9337000000000444,7.5491,-8.482800000000044
2022-01-13 11:30:00-05:00,1079.0001220703125,1090.3361,1092.0635,-1.7273999999999887,7.0644,-8.791799999999988
2022-01-13 11:45:00-05:00,1074.3699951171875,1088.5921,1091.0958,-2.5036999999999807,6.562,-9.065699999999982
2022-01-13 12:00:00-05:00,1067.7099609375,1086.4041,1089.8569,-3.4528000000000247,6.044,-9.496800000000025
2022-01-13 12:15:00-05:00,1058.699951171875,1083.5281,1088.2164,-4.688300000000027,5.5013,-10.189600000000027
2022-01-13 12:30:00-05:00,1055.699951171875,1079.7084,1086.03,-6.3215999999999894,4.919,-11.24059999999999
2022-01-13 12:45:00-05:00,1057.97998046875,1076.0148,1083.7833,-7.768500000000131,4.2767,-12.045200000000131
2022-01-13 13:00:00-05:00,1060.5699462890625,1073.2402,1081.8719,-8.631700000000137,3.5884,-12.220100000000137
2022-01-13 13:15:00-05:00,1061.5550537109375,1071.2909,1080.294,-9.003100000000131,2.8901,-11.893200000000132
2022-01-13 13:30:00-05:00,1059.0084228515625,1069.7931,1078.9059,-9.11279999999988,2.2105,-11.323299999999879
2022-01-13 13:45:00-05:00,1066.5,1068.1339,1077.432,-9.298099999999977,1.5635,-10.861599999999976
2022-01-13 14:00:00-05:00,1064.56396484375,1067.8825,1076.6222,-8.739700000000084,0.9428,-9.682500000000084
2022-01-13 14:15:00-05:00,1059.0556640625,1067.372,1075.729,-8.356999999999971,0.3895,-8.74649999999997
2022-01-13 14:30:00-05:00,1057.8099365234375,1066.0926,1074.4939,-8.401299999999992,-0.1103,-8.290999999999991
2022-01-13 14:45:00-05:00,1059.373291015625,1064.8183,1073.2581,-8.439800000000105,-0.5841,-7.8557000000001045
2022-01-13 15:00:00-05:00,1046.6424560546875,1063.9806,1072.2296,-8.248999999999796,-1.033,-7.215999999999797
2022-01-13 15:15:00-05:00,1045.719970703125,1061.3132,1070.3343,-9.021099999999933,-1.4453,-7.5757999999999335
2022-01-13 15:30:00-05:00,1036.290283203125,1058.9142,1068.511,-9.59680000000003,-1.8782,-7.7186000000000305
2022-01-13 15:45:00-05:00,1031.6121826171875,1055.4336,1066.1243,-10.690699999999879,-2.3193,-8.371399999999879
2022-01-14 09:30:00-05:00,1038.0,1051.7688,1063.5678,-11.798999999999978,-2.7977,-9.00129999999998
2022-01-14 09:45:00-05:00,1036.5743408203125,1049.6505,1061.6739,-12.023400000000038,-3.3121,-8.711300000000037
2022-01-14 10:00:00-05:00,1032.6700439453125,1047.6388,1059.8147,-12.175899999999956,-3.8099,-8.365999999999957
2022-01-14 10:15:00-05:00,1042.31005859375,1045.3359,1057.804,-12.46810000000005,-4.288,-8.18010000000005
2022-01-14 10:30:00-05:00,1031.6585693359375,1044.8704,1056.6563,-11.785900000000083,-4.7554,-7.0305000000000835
2022-01-14 10:45:00-05:00,1035.0782470703125,1042.8378,1054.8046,-11.966799999999921,-5.1571,-6.809699999999921
2022-01-14 11:00:00-05:00,1030.5107421875,1041.644,1053.3434,-11.699399999999969,-5.5462,-6.153199999999969
2022-01-14 11:15:00-05:00,1037.6258544921875,1039.9312,1051.6521,-11.720900000000029,-5.8978,-5.823100000000029
2022-01-14 11:30:00-05:00,1039.593994140625,1039.5765,1050.6131,-11.036600000000135,-6.2305,-4.806100000000135
2022-01-14 11:37:33-05:00,1040.02001953125,1039.5792,1049.7969,-10.21770000000015,-6.5051,-3.7126000000001502
